character,season,episode,title,airdate,rating,n_lines,md_F1_mean,md_F2_mean,inout_F1_mean,ep_order,season_f
Annie Leonhart,1,4,The Night of the Closing Ceremony - Humanity's Comeback (2),2013-04-28,8.2,4,-0.03469595765420955,-0.2651613434672977,-0.1499020386652518,1,Season 1
Annie Leonhart,1,16,What Needs to Be Done Now - Eve of the Counterattack (3),2013-07-28,8,2,-0.33563475829483863,-0.4483024216590574,-0.5695055342891525,2,Season 1
Annie Leonhart,1,23,Smile - Assault on Stohess (1),2013-09-15,8.4,11,-0.0295585511060881,0.17640496472897654,-0.0389485007244707,3,Season 1
Annie Leonhart,2,7,Close Combat,2017-05-13,9.7,5,-0.3195275279327047,-0.39589067237724823,-0.6287525543661148,4,Season 2
Annie Leonhart,4,3,The Door of Hope,2020-12-20,8.8,9,0.30687710117655137,0.17111725275127188,-0.3992082576048682,5,Season 4
Annie Leonhart,4,23,Sunset,2022-02-20,9,18,0.33251390883529525,-0.034591398155997544,-0.4025894937884216,6,Season 4
Annie Leonhart,4,25,Night of the End,2022-03-06,8.7,2,-0.12650467533526003,0.05251431154338658,-0.06961332865999584,7,Season 4
Annie Leonhart,4,26,Traitor,2022-03-13,9.3,4,0.3089810622530594,0.09697197580144096,0.4389437225274521,8,Season 4
Annie Leonhart,4,27,Retrospective,2022-03-20,9.5,1,-0.27031351793784003,0.09206638353920055,1.3721446753201731,9,Season 4
Armin Arlert,1,1,"To You, in 2000 Years - The Fall of Shiganshina (1)",2013-04-07,8.4,6,-0.10133799648108215,0.09109003346099116,0.8419723023568844,10,Season 1
Armin Arlert,1,2,That Day - The Fall of Shiganshina (2),2013-04-14,8,4,0.4359532917668343,-0.0478142115980984,0.5110770590968091,11,Season 1
Armin Arlert,1,3,A Dim Light Amid Despair - Humanity's Comeback (1),2013-04-21,7.8,3,-0.33563475829483863,-0.4483024216590574,0.509717706128331,12,Season 1
Armin Arlert,1,4,The Night of the Closing Ceremony - Humanity's Comeback (2),2013-04-28,8.2,3,-0.281943990421059,-0.27359659071969344,-0.6159454901772341,1,Season 1
Armin Arlert,1,5,First Battle - The Struggle for Trost (1),2013-05-05,8.4,2,-0.33563475829483863,-0.4483024216590574,0.848051278948089,13,Season 1
Armin Arlert,1,6,The World the Girl Saw - The Struggle for Trost (2),2013-05-12,8,1,-0.33563475829483863,-0.4483024216590574,-1.0239389968291144,14,Season 1
Armin Arlert,1,7,Small Blade - The Struggle for Trost (3),2013-05-19,8.6,6,0.9830989365913053,0.2045759167912266,0.11901665539711538,15,Season 1
Armin Arlert,1,8,I Can Hear His Heartbeat - The Struggle for Trost (4),2013-05-26,8.8,12,-0.029645457557462965,-0.07796076597169195,0.3888224655014863,16,Season 1
Armin Arlert,1,10,Response - The Struggle for Trost (6),2013-06-09,8.2,13,0.06449093511846976,0.1489517631032088,0.08570990796019784,17,Season 1
Armin Arlert,1,11,Idol - The Struggle for Trost (7),2013-06-16,7.9,7,0.9235466439612882,0.7434718987873018,0.6768375361226419,18,Season 1
Armin Arlert,1,12,Wound - The Struggle for Trost (8),2013-06-23,7.9,3,0.19566746010538597,0.12771013067554499,1.1455071084295487,19,Season 1
Armin Arlert,1,14,Can't Look Into His Eyes - Eve of the Counterattack (1),2013-07-14,8.2,2,-0.3038675317621579,-0.002680843870773969,-0.4378874207322911,20,Season 1
Armin Arlert,1,16,What Needs to Be Done Now - Eve of the Counterattack (3),2013-07-28,8,6,0.6268087468804965,0.30895269836123734,-0.6201616767045183,2,Season 1
Armin Arlert,1,17,Female Titan - The 57th Exterior Scouting Mission (1),2013-08-04,8.2,23,-0.14739460838856483,-0.2700185524136836,-0.0978189071258587,21,Season 1
Armin Arlert,1,18,Forest of Giant Trees - The 57th Exterior Scouting Mission (2),2013-08-11,8.7,7,-0.2940338245403615,0.08002264505488818,-0.10538461119829923,22,Season 1
Armin Arlert,1,20,Erwin Smith - The 57th Exterior Scouting Mission (4),2013-08-25,8.7,9,-0.09382756616074452,0.1573251437419756,-0.022745332127066236,23,Season 1
Armin Arlert,1,21,Crushing Blow - The 57th Exterior Scouting Mission (5),2013-09-01,8.9,8,-0.020825210814458178,-0.3019815148634699,0.02110527425107428,24,Season 1
Armin Arlert,1,22,The Defeated - The 57th Exterior Scouting Mission (6),2013-09-08,9,1,-0.33563475829483863,-0.4483024216590574,-1.1289768617876867,25,Season 1
Armin Arlert,1,23,Smile - Assault on Stohess (1),2013-09-15,8.4,15,-0.2457113871988911,-0.14505703026992314,0.013294256240106292,3,Season 1
Armin Arlert,1,24,Mercy - Assault on Stohess (2),2013-09-22,8.6,13,-0.07198992138034285,-0.13292945243190765,0.1987577065765857,26,Season 1
Armin Arlert,1,25,Wall: Raid on Stohess District (3),2013-09-29,8.7,3,-0.31803744698090236,-0.37311961586245873,-0.17251165206096833,27,Season 1
Armin Arlert,2,1,Beast Titan,2017-04-01,9.3,1,-0.33563475829483863,-0.4483024216590574,1.1809474398939341,28,Season 2
Armin Arlert,2,2,I'm Home,2017-04-08,9,1,-0.33563475829483863,-0.4483024216590574,-1.1289768617876867,29,Season 2
Armin Arlert,2,5,Historia,2017-04-29,9.1,1,-0.33563475829483863,-0.4483024216590574,-1.0239389968291144,30,Season 2
Armin Arlert,2,6,Warrior,2017-05-06,9.7,8,-0.34390900627273036,-0.250377200979572,-0.5712705816366753,31,Season 2
Armin Arlert,2,7,Close Combat,2017-05-13,9.7,6,0.39566005230412415,0.18747249551015352,0.02134139271431157,4,Season 2
Armin Arlert,2,8,The Hunters,2017-05-20,8.8,9,-0.06661143554301123,-0.34095269208625223,-0.40301736901660956,32,Season 2
Armin Arlert,2,9,Opening,2017-05-27,8.8,1,-0.25509860648416915,-0.18624367525001137,0.5948958637971108,33,Season 2
Armin Arlert,2,11,Charge,2017-06-10,9.3,3,0.09981724692101591,-0.29269493142657166,-0.16407927900639993,34,Season 2
Armin Arlert,2,12,Scream,2017-06-17,9.4,1,-0.33563475829483863,-0.4483024216590574,-1.1289768617876867,35,Season 2
Armin Arlert,3,1,Smoke Signal,2018-07-22,8.6,1,-0.33563475829483863,-0.4483024216590574,1.0493293263370727,36,Season 3
Armin Arlert,3,2,Pain,2018-07-29,8.8,4,-0.24606474303853587,0.2860576433335461,-0.4069083308699214,37,Season 3
Armin Arlert,3,6,Sin,2018-08-26,9,3,-0.33563475829483863,-0.4483024216590574,-0.29783693412086126,38,Season 3
Armin Arlert,3,7,Wish,2018-09-02,9.2,2,-0.33563475829483863,-0.4483024216590574,-5.949595451654188e-4,39,Season 3
Armin Arlert,3,8,Outside the Walls of Orvud District,2018-09-09,9.2,2,-0.33563475829483863,-0.4483024216590574,-0.5036964775107218,40,Season 3
Armin Arlert,3,9,Ruler of the Walls,2018-09-16,9.1,4,-0.20079838373006265,0.06264424798987704,-0.4315631409413648,41,Season 3
Armin Arlert,3,11,Bystander,2018-10-07,9.1,7,0.05888231654993505,-0.2893607302942839,-0.6843382571636313,42,Season 3
Armin Arlert,3,12,Night of the Battle to Retake the Wall,2018-10-14,9.1,7,-0.33563475829483863,-0.4483024216590574,-0.14476976790284626,43,Season 3
Armin Arlert,3,13,The Town Where Everything Began,2019-04-28,9.3,14,-0.23228625330863995,-0.32405873933164336,0.37134670537588105,44,Season 3
Armin Arlert,3,14,Thunder Spears,2019-05-05,9.3,11,0.1365881043164479,-0.12402963054050191,0.5904473429457169,45,Season 3
Armin Arlert,3,15,Descent,2019-05-12,9.4,4,0.337321714511736,-0.06924546382627254,-0.39201355040257707,46,Season 3
Armin Arlert,3,16,Perfect Game,2019-05-19,9.6,2,-0.33563475829483863,-0.4483024216590574,-0.13542238543842647,47,Season 3
Armin Arlert,3,17,Hero,2019-05-26,9.8,9,-0.1817341604985502,-0.3283295808274116,-0.4893783480747276,48,Season 3
Armin Arlert,3,19,The Basement,2019-06-09,9.1,7,-0.2939627743551379,-0.28198064794931027,0.0094481116761796,49,Season 3
Armin Arlert,3,20,That Day,2019-06-16,9.6,1,-0.33563475829483863,-0.4483024216590574,-1.1289768617876867,50,Season 3
Armin Arlert,3,21,The Attack Titan,2019-06-23,9.6,1,-0.33563475829483863,-0.4483024216590574,-1.1289768617876867,51,Season 3
Armin Arlert,3,22,Beyond the Wall,2019-06-30,9.4,3,-0.33563475829483863,-0.4483024216590574,-1.1289768617876867,52,Season 3
Armin Arlert,4,7,Assault,2021-01-24,9.6,1,-0.33563475829483863,-0.4483024216590574,-0.010034206790618238,53,Season 4
Armin Arlert,4,9,Brave Volunteers,2021-02-07,9.2,11,-0.27983034967478565,-0.24716720333138342,0.2139563292098843,54,Season 4
Armin Arlert,4,14,Violence,2021-03-21,9,3,-0.28839498440612166,0.33179828137888334,0.20046923293805452,55,Season 4
Armin Arlert,4,16,Heaven and Earth,2021-03-28,9.1,2,-0.33905963320519217,-0.3235571568143495,-1.1289768617876867,56,Season 4
Armin Arlert,4,17,Judgement,2022-01-09,9.5,2,0.5921768205515898,0.811119248664808,1.4208127307457676,57,Season 4
Armin Arlert,4,18,Sneak Attack,2022-01-16,9.5,3,0.7052146810080265,0.9426979169550984,0.7636661405644295,58,Season 4
Armin Arlert,4,22,Thaw,2022-02-13,9.1,5,-0.049607188338154105,-0.17701283695165518,-0.3049855822408697,59,Season 4
Armin Arlert,4,23,Sunset,2022-02-20,9,9,-0.026005064963020446,-0.30367687411195066,-0.5776943676946592,6,Season 4
Armin Arlert,4,24,Pride,2022-02-27,8.6,1,-0.33563475829483863,-0.4483024216590574,-1.1289768617876867,60,Season 4
Armin Arlert,4,25,Night of the End,2022-03-06,8.7,1,-0.33563475829483863,-0.4483024216590574,-0.3594298043720077,7,Season 4
Armin Arlert,4,26,Traitor,2022-03-13,9.3,3,-0.23798181807210117,0.35072139659832796,0.3206600122596918,8,Season 4
Bertholdt Hoover,1,3,A Dim Light Amid Despair - Humanity's Comeback (1),2013-04-21,7.8,2,-0.33563475829483863,-0.4483024216590574,-0.8492411980384196,12,Season 1
Bertholdt Hoover,2,4,Soldier,2017-04-22,9.1,1,-0.33563475829483863,-0.4483024216590574,-1.1289768617876867,61,Season 2
Bertholdt Hoover,2,5,Historia,2017-04-29,9.1,1,-0.33563475829483863,-0.4483024216590574,-0.010034206790618238,30,Season 2
Bertholdt Hoover,2,6,Warrior,2017-05-06,9.7,3,1.5795606047399753,0.7568384647197629,1.0839142381784024,31,Season 2
Bertholdt Hoover,2,9,Opening,2017-05-27,8.8,2,-0.2953666823895039,-0.3172730484545344,0.14752259064724033,33,Season 2
Bertholdt Hoover,2,10,Children,2017-06-03,9.1,1,0.9689344700610878,0.3693943994167088,-0.4644676693305801,62,Season 2
Bertholdt Hoover,2,11,Charge,2017-06-10,9.3,6,-0.08926860618264468,0.14138910769379204,0.4742773746639456,34,Season 2
Bertholdt Hoover,2,12,Scream,2017-06-17,9.4,2,-0.2355523893339718,0.17602106313430238,0.012695164753979249,35,Season 2
Bertholdt Hoover,3,15,Descent,2019-05-12,9.4,8,0.38405603888674233,0.1314690094522028,0.11965846823939738,46,Season 3
Bertholdt Hoover,3,17,Hero,2019-05-26,9.8,7,0.036899840090706536,-0.252094383827226,-0.5265065034183618,48,Season 3
Bertholdt Hoover,3,18,Midnight Sun,2019-06-02,9.6,2,-0.19724154535267696,0.9279633774430873,0.9177112127802113,63,Season 3
Bertholdt Hoover,4,3,The Door of Hope,2020-12-20,8.8,1,-0.33563475829483863,-0.4483024216590574,0.5948958637971108,5,Season 4
Bertholdt's father,4,5,Declaration of War,2021-01-10,9.5,1,0.08262540762431854,0.5533310447458306,0.09500365816795414,64,Season 4
Boris Feulner,1,23,Smile - Assault on Stohess (1),2013-09-15,8.4,6,-0.35491103235822863,0.06989165711963832,-0.5794353879340488,3,Season 1
Carla Yeager,1,1,"To You, in 2000 Years - The Fall of Shiganshina (1)",2013-04-07,8.4,7,-0.27453069041965356,-0.23411216159966083,-0.0039606204059705295,10,Season 1
Carla Yeager,1,22,The Defeated - The 57th Exterior Scouting Mission (6),2013-09-08,9,1,-0.33563475829483863,-0.4483024216590574,0.09500365816795414,25,Season 1
Carla Yeager,3,11,Bystander,2018-10-07,9.1,4,-0.33563475829483863,-0.4483024216590574,-0.4033782361748759,42,Season 3
Carla Yeager,3,19,The Basement,2019-06-09,9.1,1,-0.33563475829483863,-0.4483024216590574,-1.1289768617876867,49,Season 3
Carla Yeager,4,20,Memories of the Future,2022-01-30,9.7,3,-0.34020125817531,-0.28197540186611353,-0.7121232722697101,65,Season 4
Colt Grice,4,1,Other Side of the Sea,2020-12-06,9,5,-0.05514044343003004,-0.36425823136582514,-0.27488626063131627,66,Season 4
Colt Grice,4,2,Midnight Train,2020-12-13,8.7,5,-0.25509860648416915,-0.18624367525001145,0.7754609997840343,67,Season 4
Colt Grice,4,6,The War Hammer Titan,2021-01-17,9.6,2,-0.33563475829483863,-0.4483024216590574,-0.9973587482308253,68,Season 4
Colt Grice,4,8,Assassin's Bullet,2021-01-31,9.2,1,-0.33563475829483863,-0.4483024216590574,-1.0239389968291144,69,Season 4
Colt Grice,4,11,Impostors,2021-02-21,8.6,1,-0.33563475829483863,-0.4483024216590574,0.3050793880850989,70,Season 4
Colt Grice,4,17,Judgement,2022-01-09,9.5,2,-0.33563475829483863,-0.4483024216590574,-0.5169866018098663,57,Season 4
Colt Grice,4,18,Sneak Attack,2022-01-16,9.5,2,0.31754324952894314,-0.21489118631032875,-0.9714200643498281,58,Season 4
Colt Grice,4,19,Two Brothers,2022-01-23,9.6,2,2.5741249139176836,1.265312143072069,1.3777330455119345,71,Season 4
Colt Grice,4,21,"From You, 2,000 Years Ago",2022-02-06,9.7,1,-0.33563475829483863,-0.4483024216590574,-0.9973587482308252,72,Season 4
Connie Springer,1,3,A Dim Light Amid Despair - Humanity's Comeback (1),2013-04-21,7.8,3,-0.33791800823507434,-0.3651389117625855,-0.38301509178964105,12,Season 1
Connie Springer,1,4,The Night of the Closing Ceremony - Humanity's Comeback (2),2013-04-28,8.2,2,-0.33563475829483863,-0.4483024216590574,-0.7176230844815582,1,Season 1
Connie Springer,1,6,The World the Girl Saw - The Struggle for Trost (2),2013-05-12,8,1,1.4816975636088798,3.0682946436803245,1.9239142487113243,14,Season 1
Connie Springer,1,7,Small Blade - The Struggle for Trost (3),2013-05-19,8.6,2,-0.2987915572998574,-0.19252778360982647,0.67720435721108585,15,Season 1
Connie Springer,1,8,I Can Hear His Heartbeat - The Struggle for Trost (4),2013-05-26,8.8,4,1.3899235742888503,0.5795220449016605,0.3712092272221756,16,Season 1
Connie Springer,1,9,Whereabouts of His Left Arm - The Struggle for Trost (5),2013-06-02,8.5,1,-0.33563475829483863,-0.4483024216590574,1.2859853048525067,73,Season 1
Connie Springer,1,12,Wound - The Struggle for Trost (8),2013-06-23,7.9,1,-0.3424845081155457,-0.1988118919696416,0.3050793880850989,19,Season 1
Connie Springer,1,16,What Needs to Be Done Now - Eve of the Counterattack (3),2013-07-28,8,7,-0.32438484907783405,-0.3607405506894353,0.13260883346991453,2,Season 1
Connie Springer,1,18,Forest of Giant Trees - The 57th Exterior Scouting Mission (2),2013-08-11,8.7,1,-0.33563475829483863,-0.4483024216590574,0.09500365816795414,22,Season 1
Connie Springer,1,20,Erwin Smith - The 57th Exterior Scouting Mission (4),2013-08-25,8.7,1,-0.33563475829483863,-0.4483024216590574,-0.3594298043720077,23,Season 1
Connie Springer,2,2,I'm Home,2017-04-08,9,2,-0.33563475829483863,-0.4483024216590574,-0.5334860384454105,29,Season 2
Connie Springer,2,4,Soldier,2017-04-22,9.1,13,0.34323682301968733,-0.22242849965173503,-0.24064314032818515,61,Season 2
Connie Springer,2,5,Historia,2017-04-29,9.1,3,0.07068861304389042,-0.29688433699978173,-0.5695055342891525,30,Season 2
Connie Springer,2,8,The Hunters,2017-05-20,8.8,1,-0.33563475829483863,-0.4483024216590574,1.4771825402787455,32,Season 2
Connie Springer,2,10,Children,2017-06-03,9.1,2,-0.3229382909653483,0.16345284641467225,0.476567874539394,62,Season 2
Connie Springer,2,11,Charge,2017-06-10,9.3,6,-0.09485389983783846,0.016800336553847498,0.3755323412023418,34,Season 2
Connie Springer,3,1,Smoke Signal,2018-07-22,8.6,5,-0.30669949785803613,-0.21317715934941348,-0.17765641935602297,36,Season 3
Connie Springer,3,8,Outside the Walls of Orvud District,2018-09-09,9.2,1,-0.3493342579362528,0.050678637719774204,0.7860930992233498,40,Season 3
Connie Springer,3,11,Bystander,2018-10-07,9.1,4,-0.06752804890568943,0.5298817070533974,-0.239176376587445,42,Season 3
Connie Springer,3,15,Descent,2019-05-12,9.4,1,3.7082179572207457,2.58133217841668,1.127786942697356,46,Season 3
Connie Springer,4,8,Assassin's Bullet,2021-01-31,9.2,4,0.059146062907959346,-0.2893828769980796,-0.7442033330798472,69,Season 4
Connie Springer,4,9,Brave Volunteers,2021-02-07,9.2,3,0.5745498517433462,0.30873341665790843,0.3055070978966269,54,Season 4
Connie Springer,4,13,Children of the Forest,2021-03-07,9.1,1,-0.33563475829483863,-0.4483024216590574,-1.1289768617876867,74,Season 4
Connie Springer,4,16,Heaven and Earth,2021-03-28,9.1,3,-0.26524551303909344,-0.14757119847266273,-0.1990919006592574,56,Season 4
Connie Springer,4,17,Judgement,2022-01-09,9.5,1,-0.24760618831734055,1.908707366284334,1.845456632351041,57,Season 4
Connie Springer,4,18,Sneak Attack,2022-01-16,9.5,1,-0.33563475829483863,-0.4483024216590574,-0.30626930717542966,58,Season 4
Connie Springer,4,22,Thaw,2022-02-13,9.1,1,-0.1951117041356209,0.824286660227282,0.8126733478216389,59,Season 4
Connie Springer,4,23,Sunset,2022-02-20,9,1,-0.1745624546734997,0.07581507115903457,-0.14935407445486296,6,Season 4
Connie Springer,4,24,Pride,2022-02-27,8.6,8,-0.010385309988303185,-0.17961933695619242,-0.7777497983738395,60,Season 4
Connie Springer,4,26,Traitor,2022-03-13,9.3,1,-0.1763492419651369,0.4266894215373435,-0.43788742073229103,8,Season 4
Daz,4,26,Traitor,2022-03-13,9.3,1,-0.33563475829483863,-0.4483024216590574,0.46327775024024936,8,Season 4
Dieter Ness,1,18,Forest of Giant Trees - The 57th Exterior Scouting Mission (2),2013-08-11,8.7,2,1.6010768979960008,0.6693963725709466,0.3449497609825325,22,Season 1
Dieter Ness,1,22,The Defeated - The 57th Exterior Scouting Mission (6),2013-09-08,9,3,-0.23687465942876762,-0.04762060487391619,0.4982903718931068,25,Season 1
Dimo Reeves,1,6,The World the Girl Saw - The Struggle for Trost (2),2013-05-12,8,2,0.48876752728200684,1.1615204246649922,0.4107588177609632,14,Season 1
Dimo Reeves,3,1,Smoke Signal,2018-07-22,8.6,2,-0.36606458120218033,0.10831769591936652,-1.0764579293084005,36,Season 3
Dimo Reeves,3,2,Pain,2018-07-29,8.8,10,-0.19028816597619747,-0.0888766660025219,-0.23930483840589734,37,Season 3
Dina Fritz,3,20,That Day,2019-06-16,9.6,4,-0.27507197735030614,0.3343520309536673,0.4519130644679508,50,Season 3
Dina Fritz,4,15,Sole Salvation,2021-03-21,9.5,3,-0.12206287832747824,0.484437135683938,0.3316596366833881,75,Season 4
Dita Ness,1,16,What Needs to Be Done Now - Eve of the Counterattack (3),2013-07-28,8,2,-0.2962600760353225,-0.14183587326537994,-0.46446766933058015,2,Season 1
Dita Ness,1,17,Female Titan - The 57th Exterior Scouting Mission (1),2013-08-04,8.2,5,-0.2513430785454168,0.02241923444568065,-0.11720115024999933,21,Season 1
Dita Ness,1,18,Forest of Giant Trees - The 57th Exterior Scouting Mission (2),2013-08-11,8.7,1,-0.33563475829483863,-0.4483024216590574,0.38482013387996605,22,Season 1
Dot Pixis,1,5,First Battle - The Struggle for Trost (1),2013-05-05,8.4,2,-0.33563475829483863,-0.4483024216590574,0.3841785691626741,13,Season 1
Dot Pixis,1,10,Response - The Struggle for Trost (6),2013-06-09,8.2,8,0.25011014683015187,0.12454705080688178,-0.5745931127114614,17,Season 1
Dot Pixis,1,11,Idol - The Struggle for Trost (7),2013-06-16,7.9,11,0.3553833573572335,0.5442771493514922,0.5315203468697742,18,Season 1
Dot Pixis,1,12,Wound - The Struggle for Trost (8),2013-06-23,7.9,5,0.6575142317965171,1.0588551016334646,0.6538862579871563,19,Season 1
Dot Pixis,1,13,Primal Desire - The Struggle for Trost (9),2013-06-30,8.3,1,2.6752747429660864,2.2990383615106924,1.8188763837527517,76,Season 1
Dot Pixis,1,14,Can't Look Into His Eyes - Eve of the Counterattack (1),2013-07-14,8.2,3,-0.33563475829483863,-0.4483024216590574,-0.2513969782327796,20,Season 1
Dot Pixis,2,2,I'm Home,2017-04-08,9,2,-0.33563475829483863,-0.4483024216590574,0.7265139773539723,29,Season 2
Dot Pixis,2,8,The Hunters,2017-05-20,8.8,5,-0.05461673155274375,-0.21482045462576438,-0.45761126878944564,32,Season 2
Dot Pixis,2,12,Scream,2017-06-17,9.4,1,-0.35618400775695985,0.30016916740919003,0.8126733478216389,35,Season 2
Dot Pixis,3,3,Old Story,2018-08-05,8.7,6,-0.05258751532991279,0.1698701286554434,-0.45117754503143553,77,Season 3
Dot Pixis,3,4,Trust,2018-08-12,8.6,3,0.07297186298412611,-0.38004784689625365,0.5886030323001423,78,Season 3
Dot Pixis,3,5,Reply,2018-08-19,8.9,16,0.4172601479405176,0.4403715423713491,0.5465253766971789,79,Season 3
Dot Pixis,3,6,Sin,2018-08-26,9,7,0.5186738284169035,0.3119856011165787,0.13640601184109868,38,Season 3
Dot Pixis,3,12,Night of the Battle to Retake the Wall,2018-10-14,9.1,1,-0.3493342579362528,0.050678637719774204,0.9442914613785004,43,Season 3
Dot Pixis,4,9,Brave Volunteers,2021-02-07,9.2,1,0.09903658658492262,1.3427340131841015,0.5683156151988217,54,Season 4
Dot Pixis,4,11,Impostors,2021-02-21,8.6,1,-0.09938666473774181,1.3904968687030077,-1.1289768617876867,70,Season 4
Dot Pixis,4,16,Heaven and Earth,2021-03-28,9.1,9,0.05211004771169889,0.5396442047340136,0.6493820831535232,56,Season 4
Dot Pixis,4,18,Sneak Attack,2022-01-16,9.5,2,-0.1823055981400254,0.5007427760376049,0.06521409723326532,58,Season 4
Eld Jinn,1,15,Special Operations Squad - Eve of the Counterattack (2),2013-07-21,8,4,-0.33943848615825634,-0.3787249069617544,-0.2720809049766604,80,Season 1
Eld Jinn,1,16,What Needs to Be Done Now - Eve of the Counterattack (3),2013-07-28,8,2,-0.3584571254753449,-0.03083733347523951,-0.8492411980384196,2,Season 1
Eld Jinn,1,19,Bite - The 57th Exterior Scouting Mission (3),2013-08-18,8.8,6,-0.09359919032563335,-0.23676075127493054,0.15216648698605248,81,Season 1
Eld Jinn,1,20,Erwin Smith - The 57th Exterior Scouting Mission (4),2013-08-25,8.7,6,-0.3438787017210397,-0.1940086371196756,0.005118707572446701,23,Season 1
Eld Jinn,1,21,Crushing Blow - The 57th Exterior Scouting Mission (5),2013-09-01,8.9,4,-0.18707872394833502,0.7017519205579609,0.8679864653968057,24,Season 1
Eren Yeager,1,1,"To You, in 2000 Years - The Fall of Shiganshina (1)",2013-04-07,8.4,16,-0.19389420805575172,0.22582800297437647,0.07970771365855982,10,Season 1
Eren Yeager,1,2,That Day - The Fall of Shiganshina (2),2013-04-14,8,8,0.3385838211631955,0.8892554928102621,0.9684650979119747,11,Season 1
Eren Yeager,1,3,A Dim Light Amid Despair - Humanity's Comeback (1),2013-04-21,7.8,16,-0.12873199403627059,-0.19238494919615626,-0.11592138618048457,12,Season 1
Eren Yeager,1,4,The Night of the Closing Ceremony - Humanity's Comeback (2),2013-04-28,8.2,14,0.11717594759885279,0.15582636480000542,0.05691305399454432,1,Season 1
Eren Yeager,1,5,First Battle - The Struggle for Trost (1),2013-05-05,8.4,6,1.6245274512849055,0.9352526534172603,0.7155772495181916,13,Season 1
Eren Yeager,1,6,The World the Girl Saw - The Struggle for Trost (2),2013-05-12,8,4,-0.2361402101364418,0.4727711149163547,-0.4265227349599924,14,Season 1
Eren Yeager,1,9,Whereabouts of His Left Arm - The Struggle for Trost (5),2013-06-02,8.5,3,1.0565396368441817,0.8224217371768364,0.8425514667362408,73,Season 1
Eren Yeager,1,10,Response - The Struggle for Trost (6),2013-06-09,8.2,19,0.09521072620410286,-0.08388954726263459,-0.44402368427806516,17,Season 1
Eren Yeager,1,11,Idol - The Struggle for Trost (7),2013-06-16,7.9,5,-0.3263772777534118,-0.14640014268783236,-0.24221948915264307,18,Season 1
Eren Yeager,1,12,Wound - The Struggle for Trost (8),2013-06-23,7.9,2,-0.2585234813945227,-0.061498410405303516,-0.14871250973757105,19,Season 1
Eren Yeager,1,13,Primal Desire - The Struggle for Trost (9),2013-06-30,8.3,3,1.0682591247134519,0.47271971803681434,0.6586282756058572,76,Season 1
Eren Yeager,1,14,Can't Look Into His Eyes - Eve of the Counterattack (1),2013-07-14,8.2,6,0.4081372844159225,0.6281533218358181,0.2749245176768176,20,Season 1
Eren Yeager,1,15,Special Operations Squad - Eve of the Counterattack (2),2013-07-21,8,12,-0.2116814960370478,-0.20162669619139253,-0.2136344504739981,80,Season 1
Eren Yeager,1,16,What Needs to Be Done Now - Eve of the Counterattack (3),2013-07-28,8,3,-0.33563475829483863,-0.4483024216590574,-0.7209833551358065,2,Season 1
Eren Yeager,1,18,Forest of Giant Trees - The 57th Exterior Scouting Mission (2),2013-08-11,8.7,2,-0.2473089030512642,-0.3405738080701824,0.4240489420601077,22,Season 1
Eren Yeager,1,19,Bite - The 57th Exterior Scouting Mission (3),2013-08-18,8.8,7,-0.08236097304247397,0.4326701213933476,-0.4588905095568093,81,Season 1
Eren Yeager,1,20,Erwin Smith - The 57th Exterior Scouting Mission (4),2013-08-25,8.7,3,-0.25738185642440486,-0.10308016535353952,0.6147555710869034,23,Season 1
Eren Yeager,1,21,Crushing Blow - The 57th Exterior Scouting Mission (5),2013-09-01,8.9,4,-0.32243677480938643,-0.3919153173116084,-0.33949461792329094,24,Season 1
Eren Yeager,1,22,The Defeated - The 57th Exterior Scouting Mission (6),2013-09-08,9,1,-0.33563475829483863,-0.4483024216590574,-0.4644676693305801,25,Season 1
Eren Yeager,1,23,Smile - Assault on Stohess (1),2013-09-15,8.4,5,-0.3411145581514043,-0.24870999790752477,-0.3945885498143022,3,Season 1
Eren Yeager,1,24,Mercy - Assault on Stohess (2),2013-09-22,8.6,3,0.8901851055420557,-0.2435386973706461,-0.8547410102502677,26,Season 1
Eren Yeager,1,25,Wall: Raid on Stohess District (3),2013-09-29,8.7,5,0.25308250082174294,-0.06376038344302296,-0.08273740206293269,27,Season 1
Eren Yeager,2,2,I'm Home,2017-04-08,9,5,-0.027411814043065637,-0.14780457373625522,0.29899286520471474,29,Season 2
Eren Yeager,2,5,Historia,2017-04-29,9.1,3,0.5260211795139169,-0.14925755086716916,0.21519443748959147,30,Season 2
Eren Yeager,2,6,Warrior,2017-05-06,9.7,5,-0.33563475829483863,-0.4483024216590574,-0.13006859776601942,31,Season 2
Eren Yeager,2,7,Close Combat,2017-05-13,9.7,14,-0.07772668245852213,0.24749764957832981,0.007641174593057767,4,Season 2
Eren Yeager,2,8,The Hunters,2017-05-20,8.8,1,-0.33563475829483863,-0.4483024216590574,0.1215839067662432,32,Season 2
Eren Yeager,2,9,Opening,2017-05-27,8.8,17,-0.03663263696635105,-0.026999127819014007,-0.009776516426898772,33,Season 2
Eren Yeager,2,10,Children,2017-06-03,9.1,3,-0.31623471994253494,0.00549914029281003,0.2704944762437694,62,Season 2
Eren Yeager,2,12,Scream,2017-06-17,9.4,4,-0.2585234813945227,-0.06149841040530352,0.3449497609825325,35,Season 2
Eren Yeager,3,1,Smoke Signal,2018-07-22,8.6,5,-0.07991239873909801,-0.36223999332341594,-0.3629488773832721,36,Season 3
Eren Yeager,3,6,Sin,2018-08-26,9,2,-0.33563475829483863,-0.4483024216590574,-0.8492411980384196,38,Season 3
Eren Yeager,3,7,Wish,2018-09-02,9.2,3,-0.3447677580557814,-0.11564838207316967,-0.5632127027921838,39,Season 3
Eren Yeager,3,8,Outside the Walls of Orvud District,2018-09-09,9.2,4,0.994750147021845,0.006869669230575949,-0.5976904390556415,40,Season 3
Eren Yeager,3,9,Ruler of the Walls,2018-09-16,9.1,7,0.7686303451631403,-0.09082160040813628,0.21811046860061875,41,Season 3
Eren Yeager,3,11,Bystander,2018-10-07,9.1,6,0.34622862827977324,0.20173903943162294,-0.48304375093580876,42,Season 3
Eren Yeager,3,12,Night of the Battle to Retake the Wall,2018-10-14,9.1,6,0.3844189775074466,0.47453419991781304,-0.6201616767045184,43,Season 3
Eren Yeager,3,13,The Town Where Everything Began,2019-04-28,9.3,7,-0.23373860828690177,0.263414672859121,0.4070532914922494,44,Season 3
Eren Yeager,3,14,Thunder Spears,2019-05-05,9.3,1,-0.10087605268353733,0.5873643472574963,0.5683156151988217,45,Season 3
Eren Yeager,3,15,Descent,2019-05-12,9.4,4,-0.33943848615825634,-0.3787249069617544,-0.026854425784808456,46,Season 3
Eren Yeager,3,16,Perfect Game,2019-05-19,9.6,2,-0.3569417136630882,0.18983366711438016,0.012695164753979249,47,Season 3
Eren Yeager,3,17,Hero,2019-05-26,9.8,2,-0.2585234813945227,-0.061498410405303516,-0.7834321412599888,48,Season 3
Eren Yeager,3,18,Midnight Sun,2019-06-02,9.6,7,-0.18691402747404598,0.30819937994128904,-0.15909544636682468,63,Season 3
Eren Yeager,3,19,The Basement,2019-06-09,9.1,8,-0.33820341447760377,-0.3547434730255265,-0.5802754555976108,49,Season 3
Eren Yeager,3,20,That Day,2019-06-16,9.6,1,-0.3630337575776669,0.5496596970986058,-0.30626930717542966,50,Season 3
Eren Yeager,3,21,The Attack Titan,2019-06-23,9.6,9,-0.17673055276334723,-0.29758598571050066,-0.3816306618098515,51,Season 3
Eren Yeager,3,22,Beyond the Wall,2019-06-30,9.4,10,0.2791463201996474,0.1685164256935484,0.4358364534905249,52,Season 3
Eren Yeager,4,3,The Door of Hope,2020-12-20,8.8,6,-0.34577803259728584,-0.26276238246624944,-0.5851490550516608,5,Season 4
Eren Yeager,4,4,From One Hand to Another,2020-12-27,8.5,8,-0.33563475829483863,-0.4483024216590574,-0.6337571073403199,82,Season 4
Eren Yeager,4,5,Declaration of War,2021-01-10,9.5,10,-0.2462957444449946,0.29585490307139456,-0.016158169873763627,64,Season 4
Eren Yeager,4,6,The War Hammer Titan,2021-01-17,9.6,5,-0.3145179847181151,-0.358083054703139,-0.7143231971544493,68,Season 4
Eren Yeager,4,7,Assault,2021-01-24,9.6,2,-0.33563475829483863,-0.4483024216590574,-0.319559431474574,53,Season 4
Eren Yeager,4,8,Assassin's Bullet,2021-01-31,9.2,3,-0.26245349357562847,-0.010310145757135514,-0.46446766933058015,69,Season 4
Eren Yeager,4,9,Brave Volunteers,2021-02-07,9.2,5,-0.33563475829483863,-0.4483024216590574,-0.2457385621639074,54,Season 4
Eren Yeager,4,14,Violence,2021-03-21,9,15,-0.3067806887302054,0.06199048381289948,0.22284607282663443,55,Season 4
Eren Yeager,4,15,Sole Salvation,2021-03-21,9.5,5,-0.2219154087205295,0.3129762483567483,0.21093024845275898,75,Season 4
Eren Yeager,4,16,Heaven and Earth,2021-03-28,9.1,9,-0.31232849822315323,-0.26348903273319735,-0.18208491544626462,56,Season 4
Eren Yeager,4,19,Two Brothers,2022-01-23,9.6,7,1.0442065844988837,0.8728090477746682,0.8180672033904691,71,Season 4
Eren Yeager,4,20,Memories of the Future,2022-01-30,9.7,10,0.2890024265552666,0.7833777719025601,0.27596912982045135,65,Season 4
Eren Yeager,4,21,"From You, 2,000 Years Ago",2022-02-06,9.7,11,0.14665598922548645,-0.03519336406737225,0.7993077458424,72,Season 4
Eren Yeager,4,22,Thaw,2022-02-13,9.1,6,-0.2009012962591501,0.2217775981186003,1.1611506291920572,59,Season 4
Eren Yeager,4,28,The Dawn of Humanity,2022-04-03,9.6,12,0.039187082942299174,0.02201913688094497,-0.09816329477508712,83,Season 4
Erwin Smith,1,9,Whereabouts of His Left Arm - The Struggle for Trost (5),2013-06-02,8.5,1,-0.25509860648416915,-0.18624367525001137,1.2594050562542174,73,Season 1
Erwin Smith,1,13,Primal Desire - The Struggle for Trost (9),2013-06-30,8.3,6,-0.06967033122399371,-0.12857601320200795,-0.5169866018098663,76,Season 1
Erwin Smith,1,14,Can't Look Into His Eyes - Eve of the Counterattack (1),2013-07-14,8.2,16,-0.16389625163537366,-0.21905294714989887,-0.2632932176579836,20,Season 1
Erwin Smith,1,15,Special Operations Squad - Eve of the Counterattack (2),2013-07-21,8,3,-0.2917876588078916,-0.16880858360000706,0.09286411661035432,80,Season 1
Erwin Smith,1,16,What Needs to Be Done Now - Eve of the Counterattack (3),2013-07-28,8,19,-0.13434454129989334,-0.17224096244813195,0.18557887328311926,2,Season 1
Erwin Smith,1,17,Female Titan - The 57th Exterior Scouting Mission (1),2013-08-04,8.2,1,-0.25509860648416915,-0.18624367525001137,0.9695885805422055,21,Season 1
Erwin Smith,1,18,Forest of Giant Trees - The 57th Exterior Scouting Mission (2),2013-08-11,8.7,5,-0.33563475829483863,-0.4483024216590574,-0.3629488773832721,22,Season 1
Erwin Smith,1,19,Bite - The 57th Exterior Scouting Mission (3),2013-08-18,8.8,3,-0.25509860648416915,-0.18624367525001145,-0.0063086266627773915,81,Season 1
Erwin Smith,1,20,Erwin Smith - The 57th Exterior Scouting Mission (4),2013-08-25,8.7,6,-0.19725971571831732,0.027954810493890963,0.45020148084686895,23,Season 1
Erwin Smith,1,21,Crushing Blow - The 57th Exterior Scouting Mission (5),2013-09-01,8.9,4,-0.302216432210211,-0.0677825187651186,0.48289215433032023,24,Season 1
Erwin Smith,1,22,The Defeated - The 57th Exterior Scouting Mission (6),2013-09-08,9,2,-0.30906618203091807,0.18170801092429723,0.4499876259411049,25,Season 1
Erwin Smith,1,24,Mercy - Assault on Stohess (2),2013-09-22,8.6,9,-0.2245628972568287,0.28221704071302484,0.24348618700063232,26,Season 1
Erwin Smith,1,25,Wall: Raid on Stohess District (3),2013-09-29,8.7,7,0.3499156709374426,0.2662111315216877,0.2680241253979602,27,Season 1
Erwin Smith,2,8,The Hunters,2017-05-20,8.8,4,-0.33943848615825634,-0.3787249069617544,-0.026533643426162518,32,Season 2
Erwin Smith,2,9,Opening,2017-05-27,8.8,1,-0.33563475829483863,-0.4483024216590574,0.035424536298576545,33,Season 2
Erwin Smith,2,10,Children,2017-06-03,9.1,2,-0.2285203918071952,-0.08864456998067843,0.5948958637971109,62,Season 2
Erwin Smith,2,11,Charge,2017-06-10,9.3,4,0.2298873842191691,1.118762316091546,1.3334638313504203,34,Season 2
Erwin Smith,2,12,Scream,2017-06-17,9.4,2,-0.3493342579362528,0.05067863771977421,-0.2803306232944325,35,Season 2
Erwin Smith,3,1,Smoke Signal,2018-07-22,8.6,6,-0.33563475829483863,-0.4483024216590574,-0.5125565603768182,36,Season 3
Erwin Smith,3,2,Pain,2018-07-29,8.8,2,-0.34324221402167404,-0.3091473922644514,0.7955323464688027,37,Season 3
Erwin Smith,3,3,Old Story,2018-08-05,8.7,25,-0.08295948577336688,0.12159026786304102,-0.07052860270586152,77,Season 3
Erwin Smith,3,4,Trust,2018-08-12,8.6,3,-0.33563475829483863,-0.4483024216590574,-1.1289768617876867,78,Season 3
Erwin Smith,3,5,Reply,2018-08-19,8.9,17,0.14578683618611157,0.3020748537903961,0.4364174373354543,79,Season 3
Erwin Smith,3,6,Sin,2018-08-26,9,7,0.24115101541388562,0.09217166452854697,0.33564011925951265,38,Season 3
Erwin Smith,3,8,Outside the Walls of Orvud District,2018-09-09,9.2,7,-0.11964491048278156,-0.04097017755191694,0.3629540100346897,40,Season 3
Erwin Smith,3,9,Ruler of the Walls,2018-09-16,9.1,16,0.041936682099734765,-0.19044297784607378,0.308321537476481,41,Season 3
Erwin Smith,3,12,Night of the Battle to Retake the Wall,2018-10-14,9.1,13,0.22048756612741224,-0.09480778100927349,0.07861755291304605,43,Season 3
Erwin Smith,3,13,The Town Where Everything Began,2019-04-28,9.3,12,0.02581701943804529,-0.20302775310788587,0.5011472054519129,44,Season 3
Erwin Smith,3,14,Thunder Spears,2019-05-05,9.3,11,0.22264326482877406,-0.04347153933761828,0.5280878933259732,45,Season 3
Erwin Smith,3,16,Perfect Game,2019-05-19,9.6,23,0.03332981226253224,-0.2188221441401839,-0.022142283615683586,47,Season 3
Erwin Smith,3,18,Midnight Sun,2019-06-02,9.6,7,-0.2764356910238357,-0.16716489695284634,-0.3590631959621266,63,Season 3
Erwin Smith,3,19,The Basement,2019-06-09,9.1,2,-0.17456245467349973,0.07581507115903457,0.7955323464688028,49,Season 3
Erwin Smith,3,22,Beyond the Wall,2019-06-30,9.4,2,-0.33905963320519217,-0.3235571568143495,0.09179434583155449,52,Season 3
Falco Grice,4,1,Other Side of the Sea,2020-12-06,9,3,-0.34577803259728584,-0.26276238246624944,0.1477364455530043,66,Season 4
Falco Grice,4,2,Midnight Train,2020-12-13,8.7,7,-0.3113773353424898,-0.38188131353517657,-0.34314084030050207,67,Season 4
Falco Grice,4,3,The Door of Hope,2020-12-20,8.8,4,-0.33734719575001537,-0.38592978923670346,-0.3638286456360882,5,Season 4
Falco Grice,4,4,From One Hand to Another,2020-12-27,8.5,4,-0.33563475829483863,-0.4483024216590574,-0.9891090299130532,82,Season 4
Falco Grice,4,5,Declaration of War,2021-01-10,9.5,3,-0.3003250628049553,0.046887339193111055,0.08400403374425805,64,Season 4
Falco Grice,4,7,Assault,2021-01-24,9.6,2,-0.33563475829483863,-0.4483024216590574,-0.5467761627445551,53,Season 4
Falco Grice,4,8,Assassin's Bullet,2021-01-31,9.2,2,-0.2962600760353225,-0.14183587326537994,-0.23725093806059916,69,Season 4
Falco Grice,4,11,Impostors,2021-02-21,8.6,10,-0.19855539671673905,-0.17926650573070957,-0.05234371661371322,70,Season 4
Falco Grice,4,13,Children of the Forest,2021-03-07,9.1,1,-0.33563475829483863,-0.4483024216590574,-1.1289768617876867,74,Season 4
Falco Grice,4,18,Sneak Attack,2022-01-16,9.5,6,-0.30908717223988835,-0.3024704477929906,-0.3372795972067668,58,Season 4
Falco Grice,4,23,Sunset,2022-02-20,9,3,-0.33563475829483863,-0.4483024216590574,-1.0939642401348293,6,Season 4
Falco Grice,4,24,Pride,2022-02-27,8.6,2,-0.34590938302589924,-0.0740666271249337,-0.38536848825300485,60,Season 4
Fay Yeager,3,19,The Basement,2019-06-09,9.1,1,-0.33563475829483863,-0.4483024216590574,-1.0239389968291144,49,Season 3
Flegel Reeves,3,2,Pain,2018-07-29,8.8,1,-0.33563475829483863,-0.4483024216590574,-0.4644676693305801,37,Season 3
Flegel Reeves,3,3,Old Story,2018-08-05,8.7,1,0.11486809210400621,1.5273510512038742,0.8126733478216389,77,Season 3
Flegel Reeves,3,4,Trust,2018-08-12,8.6,3,0.15701576205857617,0.7274419137506538,-0.11977886467591821,78,Season 3
Flegel Reeves,3,5,Reply,2018-08-19,8.9,1,-0.28249760576699745,0.8117184435076519,2.0555323622681856,79,Season 3
Flegel Reeves,4,11,Impostors,2021-02-21,8.6,1,-0.013490151052160865,0.5999325639771266,1.6606780215976014,70,Season 4
Floch Forster,3,16,Perfect Game,2019-05-19,9.6,2,1.6478103108492559,0.5846111547959794,1.1543671912956452,47,Season 3
Floch Forster,3,18,Midnight Sun,2019-06-02,9.6,9,0.37209217694543734,0.04664852779186931,-0.011217028179956304,63,Season 3
Floch Forster,3,19,The Basement,2019-06-09,9.1,1,-0.3424845081155457,-0.1988118919696416,-0.5695055342891525,49,Season 3
Floch Forster,3,22,Beyond the Wall,2019-06-30,9.4,9,-0.18277982807201656,0.4523788267335049,-0.018365610133300896,52,Season 3
Floch Forster,4,6,The War Hammer Titan,2021-01-17,9.6,2,0.011730174313803618,1.3062068762361292,1.670758833560346,68,Season 4
Floch Forster,4,7,Assault,2021-01-24,9.6,1,-0.33563475829483863,-0.4483024216590574,-1.0239389968291144,53,Season 4
Floch Forster,4,8,Assassin's Bullet,2021-01-31,9.2,3,-0.21231252543211349,0.12289582049223777,0.9961688291404945,69,Season 4
Floch Forster,4,11,Impostors,2021-02-21,8.6,2,-0.1299295502456136,0.1772595763880945,0.9796693925049502,70,Season 4
Floch Forster,4,13,Children of the Forest,2021-03-07,9.1,3,-0.33563475829483863,-0.4483024216590574,0.4308323799565197,74,Season 4
Floch Forster,4,14,Violence,2021-03-21,9,12,0.1565952013000073,0.2477552385793702,0.7777364534526957,55,Season 4
Floch Forster,4,17,Judgement,2022-01-09,9.5,3,1.135735263841577,0.5873180186521596,1.0404692434709764,57,Season 4
Floch Forster,4,18,Sneak Attack,2022-01-16,9.5,1,0.970721257352725,0.018520049038399936,0.2266217717248156,58,Season 4
Floch Forster,4,21,"From You, 2,000 Years Ago",2022-02-06,9.7,1,-0.25509860648416915,-0.18624367525001137,1.9239142487113243,72,Season 4
Floch Forster,4,22,Thaw,2022-02-13,9.1,4,-0.1454472775910828,0.7049243170079518,1.182552096062134,59,Season 4
Floch Forster,4,23,Sunset,2022-02-20,9,9,0.006295152287447481,-0.05002561411558126,-0.17265422199814429,6,Season 4
Floch Forster,4,24,Pride,2022-02-27,8.6,3,1.2228891257766308,2.229403574425075,1.3471504652921251,60,Season 4
Floch Forster,4,26,Traitor,2022-03-13,9.3,8,0.8258434917957238,0.741974988262811,0.14179307532015448,8,Season 4
Floch Forster,4,27,Retrospective,2022-03-20,9.5,2,2.0566665953368872,2.608685328287804,2.0030134297888993,9,Season 4
Frieda Reiss,3,6,Sin,2018-08-26,9,4,-0.2734969269984701,-0.17883220824542723,-1.0239389968291144,38,Season 3
Frieda Reiss,3,9,Ruler of the Walls,2018-09-16,9.1,1,-0.09581309015446747,0.6887481679463896,1.3910231698110789,41,Season 3
Frieda Reiss,4,20,Memories of the Future,2022-01-30,9.7,7,-0.16427308953747874,0.6140285538419628,0.8619831806430883,65,Season 4
Frieda Reiss,4,21,"From You, 2,000 Years Ago",2022-02-06,9.7,4,-0.33563475829483863,-0.4483024216590574,-1.0501984630687575,72,Season 4
Gabi Braun,4,1,Other Side of the Sea,2020-12-06,9,19,0.09452144230858438,0.06753811200413734,0.12756539868587097,66,Season 4
Gabi Braun,4,2,Midnight Train,2020-12-13,8.7,7,-0.16051763488956802,-0.41905046104642724,-0.2867330773475614,67,Season 4
Gabi Braun,4,4,From One Hand to Another,2020-12-27,8.5,9,-0.13937618326666676,-0.12161638859558221,-0.1155417126193289,82,Season 4
Gabi Braun,4,5,Declaration of War,2021-01-10,9.5,2,-0.33563475829483863,-0.4483024216590574,0.012695164753979166,64,Season 4
Gabi Braun,4,6,The War Hammer Titan,2021-01-17,9.6,2,-0.31608854114464124,-0.08603768327474359,-0.9714200643498281,68,Season 4
Gabi Braun,4,7,Assault,2021-01-24,9.6,3,-0.281943990421059,-0.2735965907196934,-0.2539642296019074,53,Season 4
Gabi Braun,4,8,Assassin's Bullet,2021-01-31,9.2,19,0.18501440327881435,0.448331211326139,0.24939078907494175,69,Season 4
Gabi Braun,4,11,Impostors,2021-02-21,8.6,14,-0.2628687554113074,0.49117147396699395,0.6939517944735057,70,Season 4
Gabi Braun,4,13,Children of the Forest,2021-03-07,9.1,4,0.7840397958649457,1.1051138237485953,0.8386120317026361,74,Season 4
Gabi Braun,4,14,Violence,2021-03-21,9,1,-0.33563475829483863,-0.4483024216590574,-1.1289768617876867,55,Season 4
Gabi Braun,4,16,Heaven and Earth,2021-03-28,9.1,3,-0.264827202008991,0.26336848112864597,0.8185384695070796,56,Season 4
Gabi Braun,4,17,Judgement,2022-01-09,9.5,2,-0.33563475829483863,-0.4483024216590574,-0.28976987053988534,57,Season 4
Gabi Braun,4,18,Sneak Attack,2022-01-16,9.5,2,-0.33563475829483863,-0.4483024216590574,-0.7442033330798472,58,Season 4
Gabi Braun,4,19,Two Brothers,2022-01-23,9.6,1,-0.33563475829483863,-0.4483024216590574,0.8911309641819222,71,Season 4
Gabi Braun,4,22,Thaw,2022-02-13,9.1,7,-0.3040548717277119,-0.22906701761685952,-0.2368194205502201,59,Season 4
Gabi Braun,4,24,Pride,2022-02-27,8.6,1,-0.33563475829483863,-0.4483024216590574,0.20004152312652654,60,Season 4
Gabi Braun,4,25,Night of the End,2022-03-06,8.7,5,-0.15049311863791748,0.17287209560484174,0.5384729194761851,7,Season 4
Gelgar,2,1,Beast Titan,2017-04-01,9.3,1,2.277077273000289,0.4853425197358571,0.00884428770028747,28,Season 2
Gelgar,2,4,Soldier,2017-04-22,9.1,7,-0.06019586225924363,0.21030798761589478,-0.5952227478666834,61,Season 2
Grisha Yeager,1,1,"To You, in 2000 Years - The Fall of Shiganshina (1)",2013-04-07,8.4,1,-0.33563475829483863,-0.4483024216590574,-1.0239389968291144,10,Season 1
Grisha Yeager,1,2,That Day - The Fall of Shiganshina (2),2013-04-14,8,1,1.0375579095219802,0.7795598548262775,-1.0239389968291144,11,Season 1
Grisha Yeager,1,6,The World the Girl Saw - The Struggle for Trost (2),2013-05-12,8,5,0.8888951198739542,0.42765438836659475,-0.42751194717989216,14,Season 1
Grisha Yeager,1,9,Whereabouts of His Left Arm - The Struggle for Trost (5),2013-06-02,8.5,3,0.5621146360737603,-0.0497345257244039,-0.2978369341208613,73,Season 1
Grisha Yeager,3,8,Outside the Walls of Orvud District,2018-09-09,9.2,1,-0.33563475829483863,-0.4483024216590574,0.00884428770028747,40,Season 3
Grisha Yeager,3,11,Bystander,2018-10-07,9.1,6,0.086394554952571,-0.3363713891614126,-0.2197446272341705,42,Season 3
Grisha Yeager,3,19,The Basement,2019-06-09,9.1,5,-0.33563475829483863,-0.4483024216590574,-0.41713647362749334,49,Season 3
Grisha Yeager,3,20,That Day,2019-06-16,9.6,21,-0.03904191841561647,0.28242393982131264,0.41311221422432703,50,Season 3
Grisha Yeager,3,21,The Attack Titan,2019-06-23,9.6,5,-0.3411145581514043,-0.24870999790752477,-0.7406468198658216,51,Season 3
Grisha Yeager,3,22,Beyond the Wall,2019-06-30,9.4,5,-0.22562404568818423,0.018376035189373297,0.8409756927227989,52,Season 3
Grisha Yeager,4,15,Sole Salvation,2021-03-21,9.5,8,-0.04550347488985296,0.28326692338062054,0.6376547666722981,75,Season 4
Grisha Yeager,4,20,Memories of the Future,2022-01-30,9.7,15,-0.022535282019570422,0.06747473341462074,0.029584771748294117,65,Season 4
Grisha Yeager,4,21,"From You, 2,000 Years Ago",2022-02-06,9.7,3,-0.33563475829483863,-0.4483024216590574,-1.041231452749779,72,Season 4
Gunther Schultz,1,15,Special Operations Squad - Eve of the Counterattack (2),2013-07-21,8,1,-0.33563475829483863,-0.4483024216590574,-0.43788742073229103,80,Season 1
Gunther Schultz,1,20,Erwin Smith - The 57th Exterior Scouting Mission (4),2013-08-25,8.7,2,-0.33563475829483863,-0.4483024216590574,-0.0796941406227406,23,Season 1
Gunther Schultz,1,21,Crushing Blow - The 57th Exterior Scouting Mission (5),2013-09-01,8.9,1,-0.33563475829483863,-0.4483024216590574,1.7404187673924685,24,Season 1
Hange Zoë,1,9,Whereabouts of His Left Arm - The Struggle for Trost (5),2013-06-02,8.5,2,1.6086789053441204,0.3099399995531516,-0.22396081376145466,73,Season 1
Hange Zoë,1,14,Can't Look Into His Eyes - Eve of the Counterattack (1),2013-07-14,8.2,3,-0.33563475829483863,-0.4483024216590574,-1.1289768617876867,20,Season 1
Hange Zoë,1,15,Special Operations Squad - Eve of the Counterattack (2),2013-07-21,8,34,-0.08239096751718114,-0.07660126362691917,-0.3069155755207141,80,Season 1
Hange Zoë,1,17,Female Titan - The 57th Exterior Scouting Mission (1),2013-08-04,8.2,1,2.254693467420587,1.8601851348523484,0.6999337287556832,21,Season 1
Hange Zoë,1,19,Bite - The 57th Exterior Scouting Mission (3),2013-08-18,8.8,10,1.1052645710702653,0.1511401356372416,-0.7150933725651877,81,Season 1
Hange Zoë,1,20,Erwin Smith - The 57th Exterior Scouting Mission (4),2013-08-25,8.7,2,0.2772751736236085,-0.3459205595148518,-0.5695055342891525,23,Season 1
Hange Zoë,1,21,Crushing Blow - The 57th Exterior Scouting Mission (5),2013-09-01,8.9,2,2.155379651638466,0.2676915753114427,-1.1289768617876867,24,Season 1
Hange Zoë,1,24,Mercy - Assault on Stohess (2),2013-09-22,8.6,3,0.20503703119905256,0.12976350473158496,0.358239885281677,26,Season 1
Hange Zoë,1,25,Wall: Raid on Stohess District (3),2013-09-29,8.7,2,-0.3190824432158288,0.27562921491843806,0.5455862436542244,27,Season 1
Hange Zoë,2,1,Beast Titan,2017-04-01,9.3,7,0.08918006622509389,0.2887646110812899,-0.09779025445593097,28,Season 2
Hange Zoë,2,2,I'm Home,2017-04-08,9,2,-0.33563475829483863,-0.4483024216590574,-1.1289768617876867,29,Season 2
Hange Zoë,2,6,Warrior,2017-05-06,9.7,22,-0.20415379468815753,-0.2751086299052968,-0.4856489230783517,31,Season 2
Hange Zoë,2,7,Close Combat,2017-05-13,9.7,5,0.37839499861560705,0.3075158281642646,0.03824861205461325,4,Season 2
Hange Zoë,2,8,The Hunters,2017-05-20,8.8,5,-0.010480032135139372,-0.37599795225128324,-0.21409888973287736,32,Season 2
Hange Zoë,2,9,Opening,2017-05-27,8.8,2,0.2772751736236085,-0.3459205595148518,-0.7967222655591334,33,Season 2
Hange Zoë,2,10,Children,2017-06-03,9.1,2,1.5030950374605028,-0.14115683522644043,-0.8492411980384196,62,Season 2
Hange Zoë,2,12,Scream,2017-06-17,9.4,1,-0.33563475829483863,-0.4483024216590574,-0.4644676693305801,35,Season 2
Hange Zoë,3,1,Smoke Signal,2018-07-22,8.6,13,0.13581246619232556,0.279347441790564,-0.16819192507041497,36,Season 3
Hange Zoë,3,2,Pain,2018-07-29,8.8,6,0.1289614007869345,-0.19830633516722845,-0.19573163000500912,37,Season 3
Hange Zoë,3,3,Old Story,2018-08-05,8.7,14,-0.2720653753693199,-0.1913365135708364,-0.14504493688881995,77,Season 3
Hange Zoë,3,4,Trust,2018-08-12,8.6,8,0.2100109642903945,0.4342088811732638,0.44875092457248755,78,Season 3
Hange Zoë,3,5,Reply,2018-08-19,8.9,18,-0.3229731496398056,-0.3769047939587258,-0.3812740715502515,79,Season 3
Hange Zoë,3,7,Wish,2018-09-02,9.2,1,-0.2965423239944439,0.27622705510957024,0.46327775024024936,39,Season 3
Hange Zoë,3,8,Outside the Walls of Orvud District,2018-09-09,9.2,10,-0.29435670598115055,-0.2701476082584805,-0.3722066768973187,40,Season 3
Hange Zoë,3,9,Ruler of the Walls,2018-09-16,9.1,5,-0.2649740740999791,-0.36211953078795744,-0.6513004781793058,41,Season 3
Hange Zoë,3,11,Bystander,2018-10-07,9.1,4,0.6751640166213069,0.38283890651815233,0.09972328179068052,42,Season 3
Hange Zoë,3,12,Night of the Battle to Retake the Wall,2018-10-14,9.1,11,-0.30837943370493687,-0.253067792106081,-0.38967607345673855,43,Season 3
Hange Zoë,3,13,The Town Where Everything Began,2019-04-28,9.3,4,-0.32243677480938643,-0.3919153173116084,0.31397067112016297,44,Season 3
Hange Zoë,3,14,Thunder Spears,2019-05-05,9.3,13,-0.201047541139011,-0.039076997241209485,-0.11357900695146869,45,Season 3
Hange Zoë,3,15,Descent,2019-05-12,9.4,2,0.3175432495289432,-0.21489118631032875,0.5948958637971108,46,Season 3
Hange Zoë,3,18,Midnight Sun,2019-06-02,9.6,8,-0.2955900308009586,-0.2734137546572458,-0.15262980527619754,63,Season 3
Hange Zoë,3,19,The Basement,2019-06-09,9.1,9,-0.33175793413376564,-0.32641476357275945,-0.5616437718166081,49,Season 3
Hange Zoë,3,21,The Attack Titan,2019-06-23,9.6,21,-0.08452716533520788,0.021297690488597937,0.32692020965040014,51,Season 3
Hange Zoë,3,22,Beyond the Wall,2019-06-30,9.4,4,0.2412060534476554,0.13679158734729047,0.39082363131224634,52,Season 3
Hange Zoë,4,7,Assault,2021-01-24,9.6,1,-0.33563475829483863,-0.4483024216590574,0.9177112127802113,53,Season 4
Hange Zoë,4,8,Assassin's Bullet,2021-01-31,9.2,1,-0.08023368328865756,0.3800879023060476,1.4506022916804566,69,Season 4
Hange Zoë,4,9,Brave Volunteers,2021-02-07,9.2,7,-0.036339124914316054,0.015360642606361203,0.2069022376920069,54,Season 4
Hange Zoë,4,11,Impostors,2021-02-21,8.6,8,-0.33905963320519217,-0.3235571568143495,-0.5177889298939662,70,Season 4
Hange Zoë,4,13,Children of the Forest,2021-03-07,9.1,4,0.9040702516168403,0.715473704346367,0.07818343917376397,74,Season 4
Hange Zoë,4,23,Sunset,2022-02-20,9,1,-0.33563475829483863,-0.4483024216590574,0.936589707271117,6,Season 4
Hange Zoë,4,24,Pride,2022-02-27,8.6,13,-0.20641912604095383,-0.18665247184762712,0.24637697191257896,60,Season 4
Hange Zoë,4,25,Night of the End,2022-03-06,8.7,14,-0.13571818322416615,-0.3306738129030894,0.30219894341718034,7,Season 4
Hange Zoë,4,26,Traitor,2022-03-13,9.3,2,-0.33563475829483863,-0.4483024216590574,0.18739296354467394,8,Season 4
Hange Zoë,4,27,Retrospective,2022-03-20,9.5,5,-0.06546343208222652,0.017139221527320805,0.11344378129054888,9,Season 4
Hange Zoë,4,28,The Dawn of Humanity,2022-04-03,9.6,8,-0.32959481559337733,-0.30210826986333505,0.27678089239273856,83,Season 4
Hannes,1,1,"To You, in 2000 Years - The Fall of Shiganshina (1)",2013-04-07,8.4,6,1.3356282392136671,0.32097883829558593,0.2221917302917674,10,Season 1
Hannes,1,2,That Day - The Fall of Shiganshina (2),2013-04-14,8,2,-0.3493342579362528,0.05067863771977421,-1.063167805009256,11,Season 1
Hannes,1,4,The Night of the Closing Ceremony - Humanity's Comeback (2),2013-04-28,8.2,1,-0.2023066725423603,0.03930474213978467,1.8188763837527517,1,Season 1
Hannes,1,9,Whereabouts of His Left Arm - The Struggle for Trost (5),2013-06-02,8.5,4,0.5305884558862947,1.0377041799484257,0.710108885600301,73,Season 1
Hannes,2,1,Beast Titan,2017-04-01,9.3,2,-0.2687981061255833,0.31273738412882024,0.2924308285032463,28,Season 2
Hannes,2,6,Warrior,2017-05-06,9.7,3,-0.33791800823507434,-0.3651389117625855,-0.08262670146546092,31,Season 2
Hannes,2,7,Close Combat,2017-05-13,9.7,1,-0.33563475829483863,-0.4483024216590574,0.38482013387996605,4,Season 2
Hannes,2,8,The Hunters,2017-05-20,8.8,15,-0.07023910119379626,-0.2748811855718471,-0.4508049870186515,32,Season 2
Hannes,2,12,Scream,2017-06-17,9.4,1,-0.33563475829483863,-0.4483024216590574,-0.9973587482308252,35,Season 2
Historia Reiss,1,6,The World the Girl Saw - The Struggle for Trost (2),2013-05-12,8,1,-0.1745624546734997,0.07581507115903457,0.4366975016419603,14,Season 1
Historia Reiss,1,9,Whereabouts of His Left Arm - The Struggle for Trost (5),2013-06-02,8.5,1,-0.33563475829483863,-0.4483024216590574,0.6544749856664884,73,Season 1
Historia Reiss,1,18,Forest of Giant Trees - The 57th Exterior Scouting Mission (2),2013-08-11,8.7,1,-0.33563475829483863,-0.4483024216590574,0.2532020203231046,22,Season 1
Historia Reiss,2,2,I'm Home,2017-04-08,9,2,-0.33563475829483863,-0.4483024216590574,-0.783432141259989,29,Season 2
Historia Reiss,2,4,Soldier,2017-04-22,9.1,1,-0.33563475829483863,-0.4483024216590574,0.3050793880850989,61,Season 2
Historia Reiss,2,5,Historia,2017-04-29,9.1,8,-0.14451601951286186,-0.303637591039755,-0.77694747028973965,30,Season 2
Historia Reiss,2,6,Warrior,2017-05-06,9.7,3,-0.23510297236798644,0.1505997699090864,0.9788763732198299,31,Season 2
Historia Reiss,2,7,Close Combat,2017-05-13,9.7,1,-0.24375039005263502,0.5017754724993663,-0.3594298043720077,4,Season 2
Historia Reiss,2,8,The Hunters,2017-05-20,8.8,1,-0.33563475829483863,-0.4483024216590574,-1.1289768617876867,32,Season 2
Historia Reiss,2,11,Charge,2017-06-10,9.3,4,0.6017050432574134,-0.07912372182355623,0.5091516205699633,34,Season 2
Historia Reiss,2,12,Scream,2017-06-17,9.4,1,-0.1745624546734997,0.07581507115903457,-1.1289768617876867,35,Season 2
Historia Reiss,3,1,Smoke Signal,2018-07-22,8.6,1,-0.33563475829483863,-0.4483024216590574,-1.0239389968291144,36,Season 3
Historia Reiss,3,3,Old Story,2018-08-05,8.7,13,-0.3372154697919249,-0.390727684038423,-1.0024064687704164,77,Season 3
Historia Reiss,3,6,Sin,2018-08-26,9,7,-0.3347809002441855,-0.18054813009552523,-0.44186790330841574,38,Season 3
Historia Reiss,3,7,Wish,2018-09-02,9.2,3,1.0060309528426086,0.5137098098905684,0.27935455910986573,39,Season 3
Historia Reiss,3,8,Outside the Walls of Orvud District,2018-09-09,9.2,9,-0.24355570095335913,0.3052164692364265,0.00945649850760175,40,Season 3
Historia Reiss,3,9,Ruler of the Walls,2018-09-16,9.1,6,-0.3247478849020055,-0.3582409541260144,-0.6640343812234721,41,Season 3
Historia Reiss,3,10,Friends,2018-09-23,9.1,1,-0.33563475829483863,-0.4483024216590574,-0.4644676693305801,84,Season 3
Historia Reiss,3,21,The Attack Titan,2019-06-23,9.6,3,0.06790022583290249,-0.2872778272998497,-0.9074737976353179,51,Season 3
Historia Reiss,4,28,The Dawn of Humanity,2022-04-03,9.6,2,-0.13771925367851853,0.33158970920826547,-0.148712509737571,83,Season 4
Hitch Dreyse,1,23,Smile - Assault on Stohess (1),2013-09-15,8.4,6,0.08565350194433607,0.13454848940371392,0.22219173029176748,3,Season 1
Hitch Dreyse,2,8,The Hunters,2017-05-20,8.8,1,-0.33563475829483863,-0.4483024216590574,-1.1289768617876867,32,Season 2
Hitch Dreyse,3,4,Trust,2018-08-12,8.6,5,0.1799888544262733,-0.21897739324604132,-0.5130825899682268,78,Season 3
Hitch Dreyse,3,14,Thunder Spears,2019-05-05,9.3,1,-0.1366402135993294,1.6141459951149557,1.845456632351041,45,Season 3
Hitch Dreyse,3,22,Beyond the Wall,2019-06-30,9.4,1,-0.33563475829483863,-0.4483024216590574,-0.5695055342891525,52,Season 3
Hitch Dreyse,4,9,Brave Volunteers,2021-02-07,9.2,1,3.3113950103085026,0.7226088687846005,-0.5695055342891525,54,Season 4
Hitch Dreyse,4,23,Sunset,2022-02-20,9,8,-0.34096149713690105,-0.288768399465698,-0.7044933513617366,6,Season 4
Hitch Dreyse,4,24,Pride,2022-02-27,8.6,1,0.007690869998650824,1.755299858886262,-1.1289768617876867,60,Season 4
Jean Kirstein,1,3,A Dim Light Amid Despair - Humanity's Comeback (1),2013-04-21,7.8,4,0.6676298410041872,0.45584880946726536,0.4339033165460797,12,Season 1
Jean Kirstein,1,4,The Night of the Closing Ceremony - Humanity's Comeback (2),2013-04-28,8.2,6,0.9376607951682552,-0.007914873094371777,-0.05183026633988769,1,Season 1
Jean Kirstein,1,5,First Battle - The Struggle for Trost (1),2013-05-05,8.4,1,0.8833353557213485,0.005951832318769694,0.3050793880850989,13,Season 1
Jean Kirstein,1,7,Small Blade - The Struggle for Trost (3),2013-05-19,8.6,10,-0.229384203779837,0.41656816511781813,0.5428904808416463,15,Season 1
Jean Kirstein,1,8,I Can Hear His Heartbeat - The Struggle for Trost (4),2013-05-26,8.8,8,-0.07923709416849553,0.09593723374455797,0.7126290885909874,16,Season 1
Jean Kirstein,1,10,Response - The Struggle for Trost (6),2013-06-09,8.2,2,0.9295597878015717,0.06292785102303136,0.7265139773539723,17,Season 1
Jean Kirstein,1,11,Idol - The Struggle for Trost (7),2013-06-16,7.9,1,-0.33563475829483863,-0.4483024216590574,0.09500365816795414,18,Season 1
Jean Kirstein,1,12,Wound - The Struggle for Trost (8),2013-06-23,7.9,6,1.554663274960454,0.4951040126505436,0.05192397293412083,19,Season 1
Jean Kirstein,1,13,Primal Desire - The Struggle for Trost (9),2013-06-30,8.3,3,-0.15149475037269544,0.4141321997683902,-0.023601082583442144,76,Season 1
Jean Kirstein,1,16,What Needs to Be Done Now - Eve of the Counterattack (3),2013-07-28,8,14,-0.31078461277242453,-0.28820275630673503,-0.04821646306649836,2,Season 1
Jean Kirstein,1,17,Female Titan - The 57th Exterior Scouting Mission (1),2013-08-04,8.2,7,-0.2919563860369313,-0.20548187817815575,0.12116338699529168,21,Season 1
Jean Kirstein,1,18,Forest of Giant Trees - The 57th Exterior Scouting Mission (2),2013-08-11,8.7,11,-0.30613039111174994,-0.11882390099200948,-0.02596715036625403,22,Season 1
Jean Kirstein,1,20,Erwin Smith - The 57th Exterior Scouting Mission (4),2013-08-25,8.7,10,-0.34123635435662103,-0.139780185621802,-0.19728969242246844,23,Season 1
Jean Kirstein,1,21,Crushing Blow - The 57th Exterior Scouting Mission (5),2013-09-01,8.9,4,-0.33563475829483863,-0.4483024216590574,-0.311309713156802,24,Season 1
Jean Kirstein,1,22,The Defeated - The 57th Exterior Scouting Mission (6),2013-09-08,9,1,-0.33563475829483863,-0.4483024216590574,-0.4644676693305801,25,Season 1
Jean Kirstein,1,24,Mercy - Assault on Stohess (2),2013-09-22,8.6,6,0.760611401898536,0.4287327659991431,0.524656765585632,26,Season 1
Jean Kirstein,1,25,Wall: Raid on Stohess District (3),2013-09-29,8.7,6,0.2002161465569665,0.18587824321852928,0.07386032519359771,27,Season 1
Jean Kirstein,2,1,Beast Titan,2017-04-01,9.3,1,-0.3493342579362528,0.050678637719774204,-0.5695055342891525,28,Season 2
Jean Kirstein,2,7,Close Combat,2017-05-13,9.7,1,-0.33563475829483863,-0.4483024216590574,-0.43788742073229103,4,Season 2
Jean Kirstein,2,8,The Hunters,2017-05-20,8.8,2,-0.33563475829483863,-0.4483024216590574,-0.09234270020459318,32,Season 2
Jean Kirstein,2,11,Charge,2017-06-10,9.3,3,-0.31623471994253494,0.005499140292810031,0.4455575845080567,34,Season 2
Jean Kirstein,2,12,Scream,2017-06-17,9.4,1,1.0444076593426874,0.5300693251368617,-0.25439193941343535,35,Season 2
Jean Kirstein,3,1,Smoke Signal,2018-07-22,8.6,8,-0.10842862723359932,0.021915520110715892,0.32201282581767554,36,Season 3
Jean Kirstein,3,2,Pain,2018-07-29,8.8,6,-0.3143947251285947,0.3347764505650798,0.12137005186047928,37,Season 3
Jean Kirstein,3,4,Trust,2018-08-12,8.6,5,0.016260726791729296,0.1896305437930811,0.013465340164717475,78,Season 3
Jean Kirstein,3,8,Outside the Walls of Orvud District,2018-09-09,9.2,5,-0.3195275279327047,-0.39589067237724823,-0.9540598773128365,40,Season 3
Jean Kirstein,3,9,Ruler of the Walls,2018-09-16,9.1,2,-0.33563475829483863,-0.4483024216590574,-0.7442033330798472,41,Season 3
Jean Kirstein,3,10,Friends,2018-09-23,9.1,3,1.0472024721623776,0.16552193056091521,-0.6070854073111377,84,Season 3
Jean Kirstein,3,11,Bystander,2018-10-07,9.1,5,0.4682860676692646,0.1899160210112365,-0.012858282546654819,42,Season 3
Jean Kirstein,3,12,Night of the Battle to Retake the Wall,2018-10-14,9.1,11,-0.1502696217486846,-0.08387090815275464,-0.06771183929813449,43,Season 3
Jean Kirstein,3,13,The Town Where Everything Began,2019-04-28,9.3,1,-0.33563475829483863,-0.4483024216590574,0.09500365816795414,44,Season 3
Jean Kirstein,3,14,Thunder Spears,2019-05-05,9.3,5,-0.04423375932185438,-0.05986658286674076,1.010833253364908,45,Season 3
Jean Kirstein,3,15,Descent,2019-05-12,9.4,7,0.2524083672233431,0.3653125288637241,0.5357911730597551,46,Season 3
Jean Kirstein,3,16,Perfect Game,2019-05-19,9.6,7,-0.22220211840934748,0.03362330741372561,0.6869455164444846,47,Season 3
Jean Kirstein,3,17,Hero,2019-05-26,9.8,4,-0.17543256833612866,0.3865510323773888,0.8679864653968057,48,Season 3
Jean Kirstein,3,18,Midnight Sun,2019-06-02,9.6,3,-0.25509860648416915,-0.18624367525001145,-0.2889768512547649,63,Season 3
Jean Kirstein,3,19,The Basement,2019-06-09,9.1,2,0.48734521019538496,0.25005657055683694,-0.18473200558131297,49,Season 3
Jean Kirstein,3,22,Beyond the Wall,2019-06-30,9.4,1,3.4205741977348767,0.7789218479935316,0.4101172530436713,52,Season 3
Jean Kirstein,4,5,Declaration of War,2021-01-10,9.5,1,-0.33563475829483863,-0.4483024216590574,-1.1289768617876867,64,Season 4
Jean Kirstein,4,6,The War Hammer Titan,2021-01-17,9.6,2,-0.2473089030512642,-0.3405738080701824,0.23606101897026843,68,Season 4
Jean Kirstein,4,7,Assault,2021-01-24,9.6,4,-0.23563869398047987,-0.08259704880992591,0.6145102678871817,53,Season 4
Jean Kirstein,4,8,Assassin's Bullet,2021-01-31,9.2,5,0.9501468196398395,0.18597748764590202,0.3999984053781892,69,Season 4
Jean Kirstein,4,9,Brave Volunteers,2021-02-07,9.2,2,-0.33563475829483863,-0.4483024216590574,0.23991189602396015,54,Season 4
Jean Kirstein,4,13,Children of the Forest,2021-03-07,9.1,4,-0.2661336613107159,-0.03249405282229201,0.06874419192831105,74,Season 4
Jean Kirstein,4,16,Heaven and Earth,2021-03-28,9.1,9,-0.031131219093309737,0.06044244053942467,0.31298275078293364,56,Season 4
Jean Kirstein,4,17,Judgement,2022-01-09,9.5,4,-0.1851710717548957,-0.07110359465655222,0.45191306446795065,57,Season 4
Jean Kirstein,4,18,Sneak Attack,2022-01-16,9.5,4,-0.28633281894387064,0.1550282701290232,0.5243671833959537,58,Season 4
Jean Kirstein,4,19,Two Brothers,2022-01-23,9.6,3,-0.26524551303909344,-0.14757119847266273,0.30550709789662683,71,Season 4
Jean Kirstein,4,22,Thaw,2022-02-13,9.1,3,-0.31952824442427513,-0.05845135020379777,0.5181500791828993,59,Season 4
Jean Kirstein,4,24,Pride,2022-02-27,8.6,5,-0.3195275279327047,-0.39589067237724823,-0.10906102477430497,60,Season 4
Jean Kirstein,4,25,Night of the End,2022-03-06,8.7,10,0.170928753443636,0.4398855735576052,0.6687167331077775,7,Season 4
Jean Kirstein,4,26,Traitor,2022-03-13,9.3,3,0.13185576647984235,-0.308228771170337,0.23548185459091203,8,Season 4
Jean Kirstein,4,27,Retrospective,2022-03-20,9.5,5,-0.026041864078924237,-0.19770267967413838,0.5329002438696105,9,Season 4
Jean Kirstein,4,28,The Dawn of Humanity,2022-04-03,9.6,2,-0.2953666823895039,-0.3172730484545344,0.3183695123842434,83,Season 4
Keith Shadis,1,1,"To You, in 2000 Years - The Fall of Shiganshina (1)",2013-04-07,8.4,1,2.4381495766216275,1.0094600125539492,1.2594050562542174,10,Season 1
Keith Shadis,1,2,That Day - The Fall of Shiganshina (2),2013-04-14,8,1,2.649317312388863,1.9116536821131331,1.9504944973096132,11,Season 1
Keith Shadis,1,3,A Dim Light Amid Despair - Humanity's Comeback (1),2013-04-21,7.8,15,0.6350872759473329,0.3099886116211919,0.15245350303653107,12,Season 1
Keith Shadis,1,4,The Night of the Closing Ceremony - Humanity's Comeback (2),2013-04-28,8.2,3,1.1650132310042185,1.3225861227446318,1.4746152889096178,1,Season 1
Keith Shadis,1,5,First Battle - The Struggle for Trost (1),2013-05-05,8.4,13,-0.03756338693818442,-0.29326658305880743,0.09675195684446625,13,Season 1
Keith Shadis,1,14,Can't Look Into His Eyes - Eve of the Counterattack (1),2013-07-14,8.2,1,0.970721257352725,0.018520049038399936,1.5037627888770346,20,Season 1
Keith Shadis,3,11,Bystander,2018-10-07,9.1,18,0.15388595251188425,0.1321211804717896,-0.16848852032680298,42,Season 3
Keith Shadis,4,14,Violence,2021-03-21,9,5,-0.06380516837696411,-0.30982824404160675,-0.007542232826996908,55,Season 4
Keith Shadis,4,22,Thaw,2022-02-13,9.1,1,-0.09402630286283027,0.33787381756808055,1.4960610347696515,59,Season 4
Keith Shadis,4,23,Sunset,2022-02-20,9,6,-0.31803744698090236,-0.37311961586245873,0.1190166553971154,6,Season 4
Keith Shadis,4,27,Retrospective,2022-03-20,9.5,5,-0.3037776550288983,-0.2733040530197772,-0.6130610310940581,9,Season 4
Kenny Ackerman,3,1,Smoke Signal,2018-07-22,8.6,1,-0.33563475829483863,-0.4483024216590574,-1.1289768617876867,36,Season 3
Kenny Ackerman,3,2,Pain,2018-07-29,8.8,12,0.26001868391559424,0.5223384761239113,0.1218734889559215,37,Season 3
Kenny Ackerman,3,3,Old Story,2018-08-05,8.7,1,-0.38127949265585115,0.3866277547085784,0.6810552342647774,77,Season 3
Kenny Ackerman,3,6,Sin,2018-08-26,9,9,0.585152319210792,0.05864966280490333,0.028603025278194336,38,Season 3
Kenny Ackerman,3,7,Wish,2018-09-02,9.2,13,-0.14900312720665496,0.340096029217632,0.09302869673016972,39,Season 3
Kenny Ackerman,3,9,Ruler of the Walls,2018-09-16,9.1,2,-0.2962600760353225,-0.14183587326537994,-0.28976987053988534,41,Season 3
Kenny Ackerman,3,10,Friends,2018-09-23,9.1,33,0.16713462461994577,0.05863355385303278,-0.29899718675302156,84,Season 3
Kenny Ackerman,3,18,Midnight Sun,2019-06-02,9.6,2,-0.2667214821131859,0.2642559989597603,-0.010034206790618283,63,Season 3
Kiyomi Azumabito,4,4,From One Hand to Another,2020-12-27,8.5,2,-0.21483053057883444,-0.05521430204548844,-0.7176230844815582,82,Season 4
Kiyomi Azumabito,4,11,Impostors,2021-02-21,8.6,2,-0.33563475829483863,-0.4483024216590574,0.5588763679533688,70,Season 4
Kiyomi Azumabito,4,26,Traitor,2022-03-13,9.3,1,-0.33563475829483863,-0.4483024216590574,0.4898579988385384,8,Season 4
Kiyomi Azumabito,4,27,Retrospective,2022-03-20,9.5,4,-0.33563475829483863,-0.4483024216590574,-0.07937335826409464,9,Season 4
Kiyomi Azumabito,4,28,The Dawn of Humanity,2022-04-03,9.6,3,-0.33563475829483863,-0.4483024216590574,0.25534156188070445,83,Season 4
Levi Ackerman,1,9,Whereabouts of His Left Arm - The Struggle for Trost (5),2013-06-02,8.5,1,-0.33563475829483863,-0.4483024216590574,0.38482013387996605,73,Season 1
Levi Ackerman,1,13,Primal Desire - The Struggle for Trost (9),2013-06-30,8.3,3,-0.26423160624511194,0.14641036433587634,1.058189409203169,76,Season 1
Levi Ackerman,1,14,Can't Look Into His Eyes - Eve of the Counterattack (1),2013-07-14,8.2,9,0.5120891709273052,0.3438893492508706,-0.23762849384950427,20,Season 1
Levi Ackerman,1,15,Special Operations Squad - Eve of the Counterattack (2),2013-07-21,8,8,-0.3009227407462638,-0.07944264800514458,-0.3375691793964451,80,Season 1
Levi Ackerman,1,16,What Needs to Be Done Now - Eve of the Counterattack (3),2013-07-28,8,3,-0.33791800823507434,-0.3651389117625855,-0.5805051587128486,2,Season 1
Levi Ackerman,1,18,Forest of Giant Trees - The 57th Exterior Scouting Mission (2),2013-08-11,8.7,4,-0.18641654070584274,0.7324941496376205,-0.0021996157133652716,22,Season 1
Levi Ackerman,1,19,Bite - The 57th Exterior Scouting Mission (3),2013-08-18,8.8,15,-0.3058439429506039,-0.18045432139788897,-0.02974779029097375,81,Season 1
Levi Ackerman,1,20,Erwin Smith - The 57th Exterior Scouting Mission (4),2013-08-25,8.7,4,0.5926228790489046,0.3866031543282837,-2.741771865193421e-4,23,Season 1
Levi Ackerman,1,21,Crushing Blow - The 57th Exterior Scouting Mission (5),2013-09-01,8.9,3,-0.3447677580557814,-0.11564838207316967,-0.41173488194552993,24,Season 1
Levi Ackerman,1,22,The Defeated - The 57th Exterior Scouting Mission (6),2013-09-08,9,6,-0.28625470886180315,-0.2479615132664868,-0.6026553658780895,25,Season 1
Levi Ackerman,1,24,Mercy - Assault on Stohess (2),2013-09-22,8.6,1,3.4205741977348767,0.7789218479935316,-0.33284955577371866,26,Season 1
Levi Ackerman,1,25,Wall: Raid on Stohess District (3),2013-09-29,8.7,2,0.39807940133961267,0.0471675600987172,-0.33284955577371855,27,Season 1
Levi Ackerman,2,1,Beast Titan,2017-04-01,9.3,1,-0.33563475829483863,-0.4483024216590574,0.4898579988385384,28,Season 2
Levi Ackerman,2,2,I'm Home,2017-04-08,9,2,-0.33563475829483863,-0.4483024216590574,-0.6258753438221303,29,Season 2
Levi Ackerman,2,8,The Hunters,2017-05-20,8.8,2,-0.34590938302589924,-0.0740666271249337,0.18739296354467394,32,Season 2
Levi Ackerman,2,12,Scream,2017-06-17,9.4,2,2.195192870291663,0.2995476530024593,-0.34613968007286317,35,Season 2
Levi Ackerman,3,1,Smoke Signal,2018-07-22,8.6,18,-0.09546452119948086,-0.103792211109243,-0.19156592833366778,36,Season 3
Levi Ackerman,3,2,Pain,2018-07-29,8.8,12,-0.2737771351414359,-0.01609189042385901,0.055422619335208825,37,Season 3
Levi Ackerman,3,3,Old Story,2018-08-05,8.7,3,-0.22892191075522858,0.6416001251880448,0.8211057208762073,77,Season 3
Levi Ackerman,3,4,Trust,2018-08-12,8.6,9,-0.1913662305420043,0.16098995314192244,0.11691904489812593,78,Season 3
Levi Ackerman,3,5,Reply,2018-08-19,8.9,3,-0.33563475829483863,-0.4483024216590574,0.1979019815689267,79,Season 3
Levi Ackerman,3,6,Sin,2018-08-26,9,6,-0.08224919610426029,-0.1553551674887001,-0.28347703904291677,38,Season 3
Levi Ackerman,3,7,Wish,2018-09-02,9.2,1,0.3536058894963096,1.0730611030705937,1.2594050562542174,39,Season 3
Levi Ackerman,3,8,Outside the Walls of Orvud District,2018-09-09,9.2,8,-0.2930919366079737,-0.2624569711970392,-0.04094687816805287,40,Season 3
Levi Ackerman,3,9,Ruler of the Walls,2018-09-16,9.1,6,0.3067616714008918,0.01235382681952544,-0.6452444447124794,41,Season 3
Levi Ackerman,3,10,Friends,2018-09-23,9.1,2,-0.30923879132393417,-0.3355282129641594,-0.05311389202445156,84,Season 3
Levi Ackerman,3,11,Bystander,2018-10-07,9.1,1,-0.3493342579362528,0.050678637719774204,-1.1289768617876867,42,Season 3
Levi Ackerman,3,12,Night of the Battle to Retake the Wall,2018-10-14,9.1,9,0.4276545306144126,0.35158218660892204,-0.10839313066598433,43,Season 3
Levi Ackerman,3,13,The Town Where Everything Began,2019-04-28,9.3,2,0.31664985588312455,-0.03945401112117429,0.331659636683388,44,Season 3
Levi Ackerman,3,14,Thunder Spears,2019-05-05,9.3,3,0.2672208847852113,-0.08940781392190497,-0.0586137042362996,45,Season 3
Levi Ackerman,3,16,Perfect Game,2019-05-19,9.6,5,-0.043143062960320375,-0.1621521642703665,-0.0774213523432749,47,Season 3
Levi Ackerman,3,17,Hero,2019-05-26,9.8,4,0.6617999424130157,0.2795941968859408,0.3186902947428895,48,Season 3
Levi Ackerman,3,18,Midnight Sun,2019-06-02,9.6,3,-0.33563475829483863,-0.4483024216590574,-0.22524443944601855,63,Season 3
Levi Ackerman,3,19,The Basement,2019-06-09,9.1,3,-0.2836006046198294,-0.12699281624372494,-0.3940147162133373,49,Season 3
Levi Ackerman,3,21,The Attack Titan,2019-06-23,9.6,4,0.31754324952894314,-0.21489118631032877,0.12158390676624314,51,Season 3
Levi Ackerman,3,22,Beyond the Wall,2019-06-30,9.4,1,-0.33563475829483863,-0.4483024216590574,-1.1289768617876867,52,Season 3
Levi Ackerman,4,7,Assault,2021-01-24,9.6,1,0.8901851055420555,-0.24353869737064612,-1.1289768617876867,53,Season 4
Levi Ackerman,4,8,Assassin's Bullet,2021-01-31,9.2,9,-0.2646689681743277,0.18647930963762838,0.10229481005847464,69,Season 4
Levi Ackerman,4,9,Brave Volunteers,2021-02-07,9.2,4,0.004238533749012577,-0.016591587693015775,0.1658531209277573,54,Season 4
Levi Ackerman,4,13,Children of the Forest,2021-03-07,9.1,4,0.354249120925183,0.6101428627184768,-0.3046646510072298,74,Season 4
Levi Ackerman,4,14,Violence,2021-03-21,9,16,0.18498360042446427,0.11835629368792411,-0.3536438657694711,55,Season 4
Levi Ackerman,4,15,Sole Salvation,2021-03-21,9.5,2,1.5322789842621056,0.9659808380210892,0.22341245938841592,75,Season 4
Levi Ackerman,4,25,Night of the End,2022-03-06,8.7,1,-0.33563475829483863,-0.4483024216590574,-1.1289768617876867,7,Season 4
Levi Ackerman,4,28,The Dawn of Humanity,2022-04-03,9.6,2,0.2772751736236085,-0.3459205595148518,-0.7967222655591333,83,Season 4
Louise,4,11,Impostors,2021-02-21,8.6,3,0.2516414779194013,0.219252451718437,0.13887636268690795,70,Season 4
Louise,4,18,Sneak Attack,2022-01-16,9.5,1,-0.33563475829483863,-0.4483024216590574,-0.3594298043720077,58,Season 4
Louise,4,22,Thaw,2022-02-13,9.1,1,-0.25744988969404914,1.000756531878198,1.0759095749353618,59,Season 4
Louise,4,24,Pride,2022-02-27,8.6,5,-0.3195275279327047,-0.39589067237724823,-0.8631731848048441,60,Season 4
Luke Siss,1,17,Female Titan - The 57th Exterior Scouting Mission (1),2013-08-04,8.2,1,-0.33563475829483863,-0.4483024216590574,-0.22781169081514627,21,Season 1
Marcel Galliard,4,3,The Door of Hope,2020-12-20,8.8,3,-0.33563475829483863,-0.4483024216590574,-0.3940147162133373,5,Season 4
Marco Bodt,1,3,A Dim Light Amid Despair - Humanity's Comeback (1),2013-04-21,7.8,3,-0.3424845081155457,-0.1988118919696416,-0.04761407981260348,12,Season 1
Marco Bodt,1,4,The Night of the Closing Ceremony - Humanity's Comeback (2),2013-04-28,8.2,2,0.2772751736236085,-0.3459205595148518,-0.5695055342891525,1,Season 1
Marco Bodt,1,7,Small Blade - The Struggle for Trost (3),2013-05-19,8.6,1,-0.35084966974850945,-0.16999236286984545,-1.1289768617876867,15,Season 1
Marco Bodt,1,8,I Can Hear His Heartbeat - The Struggle for Trost (4),2013-05-26,8.8,2,0.3036711405945129,-0.23314635081995375,-0.5169866018098663,16,Season 1
Marco Bodt,1,16,What Needs to Be Done Now - Eve of the Counterattack (3),2013-07-28,8,2,0.6964752931549635,0.7508733037592813,0.11773302971255162,2,Season 1
Marco Bodt,3,15,Descent,2019-05-12,9.4,5,-0.2934012111413915,-0.26786368774722064,0.4701341507813838,46,Season 3
Marlowe Freudenberg,1,23,Smile - Assault on Stohess (1),2013-09-15,8.4,12,-0.19412850590655567,0.005530558703725763,-0.21427626331628002,3,Season 1
Marlowe Freudenberg,3,4,Trust,2018-08-12,8.6,7,-0.045465989445754515,-0.044680823319218674,0.4415949305999135,78,Season 3
Marlowe Freudenberg,3,11,Bystander,2018-10-07,9.1,3,-0.34020125817531,-0.28197540186611353,-0.9424864192881753,42,Season 3
Marlowe Freudenberg,3,16,Perfect Game,2019-05-19,9.6,5,1.8480305717968017,0.6843996483671348,0.5645399163006406,47,Season 3
Mikasa Ackerman,1,1,"To You, in 2000 Years - The Fall of Shiganshina (1)",2013-04-07,8.4,2,1.4962452876397958,0.10833369446297536,-0.8492411980384196,10,Season 1
Mikasa Ackerman,1,2,That Day - The Fall of Shiganshina (2),2013-04-14,8,2,-0.3168462470507696,-0.1963731835695534,1.0493293263370729,11,Season 1
Mikasa Ackerman,1,3,A Dim Light Amid Despair - Humanity's Comeback (1),2013-04-21,7.8,5,-0.34476370516704113,-0.28131638638553025,-0.7249552965937649,12,Season 1
Mikasa Ackerman,1,4,The Night of the Closing Ceremony - Humanity's Comeback (2),2013-04-28,8.2,2,-0.33563475829483863,-0.4483024216590574,0.6639142329119413,1,Season 1
Mikasa Ackerman,1,5,First Battle - The Struggle for Trost (1),2013-05-05,8.4,2,-0.33563475829483863,-0.4483024216590574,-0.4511775450314356,13,Season 1
Mikasa Ackerman,1,6,The World the Girl Saw - The Struggle for Trost (2),2013-05-12,8,10,0.8855030482530039,0.5572003560409141,0.10864128109471255,14,Season 1
Mikasa Ackerman,1,7,Small Blade - The Struggle for Trost (3),2013-05-19,8.6,10,0.0390699765421632,-0.11882185460688828,0.24964550710907904,15,Season 1
Mikasa Ackerman,1,8,I Can Hear His Heartbeat - The Struggle for Trost (4),2013-05-26,8.8,5,0.10904774156447083,0.09812720832419854,-0.07364565344509369,16,Season 1
Mikasa Ackerman,1,9,Whereabouts of His Left Arm - The Struggle for Trost (5),2013-06-02,8.5,2,0.35646307453632176,-0.007597933430157716,-0.2145215665160018,73,Season 1
Mikasa Ackerman,1,10,Response - The Struggle for Trost (6),2013-06-09,8.2,2,-0.33563475829483863,-0.4483024216590574,-0.22396081376145466,17,Season 1
Mikasa Ackerman,1,11,Idol - The Struggle for Trost (7),2013-06-16,7.9,1,-0.07844689599702036,0.029213551927738616,-0.3594298043720077,18,Season 1
Mikasa Ackerman,1,12,Wound - The Struggle for Trost (8),2013-06-23,7.9,1,-0.33563475829483863,-0.4483024216590574,0.5417353666005328,19,Season 1
Mikasa Ackerman,1,14,Can't Look Into His Eyes - Eve of the Counterattack (1),2013-07-14,8.2,2,0.38420729240518237,0.028912395589092296,0.10508447013069891,20,Season 1
Mikasa Ackerman,1,16,What Needs to Be Done Now - Eve of the Counterattack (3),2013-07-28,8,1,-0.33563475829483863,-0.4483024216590574,0.46327775024024936,2,Season 1
Mikasa Ackerman,1,21,Crushing Blow - The 57th Exterior Scouting Mission (5),2013-09-01,8.9,1,0.00920628181090753,1.975970859475882,-0.8657406346739637,24,Season 1
Mikasa Ackerman,1,22,The Defeated - The 57th Exterior Scouting Mission (6),2013-09-08,9,3,0.15591139677146787,0.6239754679314243,0.4219722970904234,25,Season 1
Mikasa Ackerman,1,23,Smile - Assault on Stohess (1),2013-09-15,8.4,2,0.3530381996259682,0.11714733141455018,-0.4378874207322911,3,Season 1
Mikasa Ackerman,1,24,Mercy - Assault on Stohess (2),2013-09-22,8.6,4,-0.23242006273017438,0.2547261600864179,0.3563144467548312,26,Season 1
Mikasa Ackerman,1,25,Wall: Raid on Stohess District (3),2013-09-29,8.7,2,-0.30906618203091807,0.18170801092429723,-0.3328495557737187,27,Season 1
Mikasa Ackerman,2,6,Warrior,2017-05-06,9.7,2,-0.2953666823895039,-0.3172730484545344,-0.28033062329443253,31,Season 2
Mikasa Ackerman,2,7,Close Combat,2017-05-13,9.7,1,-0.33563475829483863,-0.4483024216590574,-0.8657406346739637,4,Season 2
Mikasa Ackerman,2,8,The Hunters,2017-05-20,8.8,5,-0.3195275279327047,-0.39589067237724823,-0.7631947436790127,32,Season 2
Mikasa Ackerman,2,10,Children,2017-06-03,9.1,1,-0.1745624546734997,0.07581507115903457,0.5683156151988217,62,Season 2
Mikasa Ackerman,2,11,Charge,2017-06-10,9.3,4,0.9115300647939379,0.3149715205355421,-0.1863366617495129,34,Season 2
Mikasa Ackerman,3,2,Pain,2018-07-29,8.8,1,1.2123297127847332,0.8046962882655379,0.331659636683388,37,Season 3
Mikasa Ackerman,3,3,Old Story,2018-08-05,8.7,2,-0.2285300302202486,0.4437667573333432,-0.7442033330798472,77,Season 3
Mikasa Ackerman,3,6,Sin,2018-08-26,9,3,-0.320320696921138,-0.2899561059659868,0.12158390676624317,38,Season 3
Mikasa Ackerman,3,8,Outside the Walls of Orvud District,2018-09-09,9.2,1,-0.33563475829483863,-0.4483024216590574,0.3050793880850989,40,Season 3
Mikasa Ackerman,3,12,Night of the Battle to Retake the Wall,2018-10-14,9.1,1,3.4086614853851,0.9270285569940542,-0.3594298043720077,43,Season 3
Mikasa Ackerman,3,13,The Town Where Everything Began,2019-04-28,9.3,1,-0.33563475829483863,-0.4483024216590574,1.7922961351544628,44,Season 3
Mikasa Ackerman,3,14,Thunder Spears,2019-05-05,9.3,4,-0.31550072034217125,-0.3827877350567959,-0.12052760497108209,45,Season 3
Mikasa Ackerman,3,18,Midnight Sun,2019-06-02,9.6,1,-0.33563475829483863,-0.4483024216590574,-0.3594298043720077,63,Season 3
Mikasa Ackerman,3,20,That Day,2019-06-16,9.6,2,-0.33563475829483863,-0.4483024216590574,-1.1289768617876867,50,Season 3
Mikasa Ackerman,3,21,The Attack Titan,2019-06-23,9.6,1,-0.33563475829483863,-0.4483024216590574,-0.4644676693305801,51,Season 3
Mikasa Ackerman,4,11,Impostors,2021-02-21,8.6,1,-0.3424845081155457,-0.1988118919696416,-0.5695055342891525,70,Season 4
Mikasa Ackerman,4,17,Judgement,2022-01-09,9.5,1,-0.3576994195692165,0.07949816681957035,0.5494371207079161,57,Season 4
Mikasa Ackerman,4,18,Sneak Attack,2022-01-16,9.5,1,-0.35084966974850945,-0.16999236286984545,0.5494371207079161,58,Season 4
Mikasa Ackerman,4,22,Thaw,2022-02-13,9.1,3,-0.02475612812324075,0.20391938286710265,0.43712521145348826,59,Season 4
Mikasa Ackerman,4,27,Retrospective,2022-03-20,9.5,1,-0.4238934033923503,1.6628999322554536,-1.1289768617876865,9,Season 4
Mikasa Ackerman,4,28,The Dawn of Humanity,2022-04-03,9.6,8,-0.2783245305355342,0.06847199092831456,0.0528866921975438,83,Season 4
Mike Zacharias,2,1,Beast Titan,2017-04-01,9.3,8,-0.3054337013658376,-0.3500303917556652,0.5999834422194199,28,Season 2
Moblit Berner,1,25,Wall: Raid on Stohess District (3),2013-09-29,8.7,1,-0.35618400775695985,0.30016916740919003,-0.06961332865999585,27,Season 1
Moblit Berner,2,2,I'm Home,2017-04-08,9,1,-0.33563475829483863,-0.4483024216590574,0.4898579988385384,29,Season 2
Moblit Berner,2,9,Opening,2017-05-27,8.8,1,-0.33563475829483863,-0.4483024216590574,-0.3594298043720077,33,Season 2
Moblit Berner,2,10,Children,2017-06-03,9.1,2,0.9785109607856299,-0.13581008378177112,-0.15815175698302392,62,Season 2
Moblit Berner,3,1,Smoke Signal,2018-07-22,8.6,1,-0.33563475829483863,-0.4483024216590574,-0.5695055342891525,36,Season 3
Moblit Berner,3,2,Pain,2018-07-29,8.8,3,-0.33563475829483863,-0.4483024216590574,-0.40287479907943363,37,Season 3
Moblit Berner,3,3,Old Story,2018-08-05,8.7,1,-0.33563475829483863,-0.4483024216590574,-1.1289768617876867,77,Season 3
Mr. Leonhart,1,25,Wall: Raid on Stohess District (3),2013-09-29,8.7,2,0.9304531814473902,-0.11250932416612308,0.6379755490309442,27,Season 1
Mr. Leonhart,4,5,Declaration of War,2021-01-10,9.5,1,-0.33563475829483863,-0.4483024216590574,-1.1289768617876867,64,Season 4
Mr. Leonhart,4,23,Sunset,2022-02-20,9,1,-0.33563475829483863,-0.4483024216590574,-0.9189011318705419,6,Season 4
Nanaba,2,1,Beast Titan,2017-04-01,9.3,1,-0.33563475829483863,-0.4483024216590574,-0.6290846561585299,28,Season 2
Nanaba,2,4,Soldier,2017-04-22,9.1,10,-0.33511586791654946,-0.14765696435979542,0.31545456388750975,61,Season 2
Nicolo,4,9,Brave Volunteers,2021-02-07,9.2,3,0.06612211316341902,-0.13055731720683783,0.220328940227847,54,Season 4
Nile Dok,1,14,Can't Look Into His Eyes - Eve of the Counterattack (1),2013-07-14,8.2,14,0.2944836565422415,0.27264869127413915,-0.08982907662511859,20,Season 1
Nile Dok,1,25,Wall: Raid on Stohess District (3),2013-09-29,8.7,5,1.0330299185258955,1.571867911338201,0.7187059536706931,27,Season 1
Nile Dok,3,3,Old Story,2018-08-05,8.7,7,-0.13655326412527857,0.20005019427589044,0.20328836352576327,77,Season 3
Nile Dok,3,4,Trust,2018-08-12,8.6,5,-0.042433552816957765,-0.18600960025051178,-0.19840736646082072,78,Season 3
Nile Dok,3,22,Beyond the Wall,2019-06-30,9.4,1,-0.33563475829483863,-0.4483024216590574,-0.3594298043720077,52,Season 3
Nile Dok,4,18,Sneak Attack,2022-01-16,9.5,2,-0.31266366623428776,-0.21078294811945147,1.101848258816359,58,Season 4
Nile Dok,4,22,Thaw,2022-02-13,9.1,1,-0.26194835630487623,0.06324685443940445,1.127786942697356,59,Season 4
Oluo Bozado,1,9,Whereabouts of His Left Arm - The Struggle for Trost (5),2013-06-02,8.5,1,-0.33563475829483863,-0.4483024216590574,-0.7341225211171023,73,Season 1
Oluo Bozado,1,14,Can't Look Into His Eyes - Eve of the Counterattack (1),2013-07-14,8.2,1,0.07550986095319791,0.5322705592753565,1.5037627888770346,20,Season 1
Oluo Bozado,1,15,Special Operations Squad - Eve of the Counterattack (2),2013-07-21,8,4,-0.32243677480938643,-0.3919153173116084,0.04912978783824026,80,Season 1
Oluo Bozado,1,16,What Needs to Be Done Now - Eve of the Counterattack (3),2013-07-28,8,1,-0.33563475829483863,-0.4483024216590574,0.6544749856664884,2,Season 1
Oluo Bozado,1,17,Female Titan - The 57th Exterior Scouting Mission (1),2013-08-04,8.2,1,-0.33563475829483863,-0.4483024216590574,1.0493293263370727,21,Season 1
Oluo Bozado,1,18,Forest of Giant Trees - The 57th Exterior Scouting Mission (2),2013-08-11,8.7,2,-0.12175748359133644,1.2421207257562186,0.8613414032472335,22,Season 1
Oluo Bozado,1,19,Bite - The 57th Exterior Scouting Mission (3),2013-08-18,8.8,4,-0.3493342579362528,0.05067863771977421,0.41268425628780914,81,Season 1
Oluo Bozado,1,20,Erwin Smith - The 57th Exterior Scouting Mission (4),2013-08-25,8.7,6,-0.2833834132731164,-0.17353577737507261,-0.21345179573720185,23,Season 1
Onyankopon,4,9,Brave Volunteers,2021-02-07,9.2,3,-0.30938497012182786,-0.24399138939660575,0.09500365816795416,54,Season 4
Onyankopon,4,11,Impostors,2021-02-21,8.6,1,-0.33563475829483863,-0.4483024216590574,-1.1289768617876867,70,Season 4
Onyankopon,4,13,Children of the Forest,2021-03-07,9.1,4,-0.3393456629415711,0.35027182358616793,0.48674303138401187,74,Season 4
Onyankopon,4,17,Judgement,2022-01-09,9.5,4,-0.14309943454134944,-0.010034405587165625,0.4652031887670952,57,Season 4
Onyankopon,4,22,Thaw,2022-02-13,9.1,2,-0.34324221402167404,-0.3091473922644514,0.7037846058093749,59,Season 4
Onyankopon,4,24,Pride,2022-02-27,8.6,2,0.054478340848415324,0.9085463358946626,1.3024847414880507,60,Season 4
Onyankopon,4,26,Traitor,2022-03-13,9.3,4,-0.33563475829483863,-0.4483024216590574,-0.5695055342891525,8,Season 4
Onyankopon,4,28,The Dawn of Humanity,2022-04-03,9.6,1,-0.33563475829483863,-0.4483024216590574,0.7595128506250608,83,Season 4
Pastor Nick,1,14,Can't Look Into His Eyes - Eve of the Counterattack (1),2013-07-14,8.2,2,-0.20348231414730028,0.6328048457038893,0.10508447013069905,20,Season 1
Pastor Nick,1,23,Smile - Assault on Stohess (1),2013-09-15,8.4,2,-0.18051122208674938,0.8703243192434951,1.8846854405311824,3,Season 1
Pastor Nick,1,25,Wall: Raid on Stohess District (3),2013-09-29,8.7,4,-0.2855935738144052,-0.13614067926237755,0.2443107372880406,27,Season 1
Pastor Nick,2,1,Beast Titan,2017-04-01,9.3,1,1.0342557104180865,0.9097632046149671,0.4101172530436713,28,Season 2
Petra Ral,1,9,Whereabouts of His Left Arm - The Struggle for Trost (5),2013-06-02,8.5,2,-0.33905963320519217,-0.3235571568143495,-0.5695055342891525,73,Season 1
Petra Ral,1,15,Special Operations Squad - Eve of the Counterattack (2),2013-07-21,8,8,-0.18859023288487764,-0.23198661771846962,-0.6797913688493569,80,Season 1
Petra Ral,1,16,What Needs to Be Done Now - Eve of the Counterattack (3),2013-07-28,8,3,-0.33563475829483863,-0.4483024216590574,-0.685970733482949,2,Season 1
Petra Ral,1,18,Forest of Giant Trees - The 57th Exterior Scouting Mission (2),2013-08-11,8.7,1,-0.33563475829483863,-0.4483024216590574,-0.5695055342891525,22,Season 1
Petra Ral,1,19,Bite - The 57th Exterior Scouting Mission (3),2013-08-18,8.8,1,-0.25509860648416915,-0.18624367525001137,-1.1289768617876867,81,Season 1
Petra Ral,1,20,Erwin Smith - The 57th Exterior Scouting Mission (4),2013-08-25,8.7,3,-0.35897239496794775,0.30977567710912207,-0.2779772268310687,23,Season 1
Petra Ral,1,21,Crushing Blow - The 57th Exterior Scouting Mission (5),2013-09-01,8.9,1,0.05840946364616431,1.4623561904538973,1.4960610347696515,24,Season 1
Pieck Finger,3,15,Descent,2019-05-12,9.4,2,-0.33563475829483863,-0.4483024216590574,-0.7176230844815582,46,Season 3
Pieck Finger,4,2,Midnight Train,2020-12-13,8.7,4,0.1630369789387706,-8.425705590335494e-4,0.7531885708341346,67,Season 4
Pieck Finger,4,4,From One Hand to Another,2020-12-27,8.5,3,-0.33791800823507434,-0.3651389117625855,-0.9424864192881753,82,Season 4
Pieck Finger,4,5,Declaration of War,2021-01-10,9.5,3,-0.31803744698090236,-0.37311961586245873,0.13887636268690795,64,Season 4
Pieck Finger,4,6,The War Hammer Titan,2021-01-17,9.6,3,-0.3447677580557814,-0.11564838207316967,0.20932931580415082,68,Season 4
Pieck Finger,4,7,Assault,2021-01-24,9.6,7,0.508862621001837,0.04849620413652503,0.5765137959170821,53,Season 4
Pieck Finger,4,8,Assassin's Bullet,2021-01-31,9.2,2,-0.33563475829483863,-0.4483024216590574,-1.1289768617876867,69,Season 4
Pieck Finger,4,11,Impostors,2021-02-21,8.6,2,-0.33563475829483863,-0.4483024216590574,0.10829378246709864,70,Season 4
Pieck Finger,4,16,Heaven and Earth,2021-03-28,9.1,25,-0.08562411027811978,-0.09709343235605256,0.22367379169883317,56,Season 4
Pieck Finger,4,17,Judgement,2022-01-09,9.5,3,-0.25218872080246824,-0.2059669205669868,0.6936408972587146,57,Season 4
Pieck Finger,4,18,Sneak Attack,2022-01-16,9.5,2,0.3553264041361222,0.13604384860814697,0.8911309641819223,58,Season 4
Pieck Finger,4,19,Two Brothers,2022-01-23,9.6,1,-0.33563475829483863,-0.4483024216590574,-0.17465119361856823,71,Season 4
Pieck Finger,4,22,Thaw,2022-02-13,9.1,2,-0.03128251030459922,0.1813499675012451,-0.6783942763014166,59,Season 4
Pieck Finger,4,23,Sunset,2022-02-20,9,1,-0.35618400775695985,0.30016916740919003,1.1543671912956452,6,Season 4
Pieck Finger,4,24,Pride,2022-02-27,8.6,1,-0.33563475829483863,-0.4483024216590574,-0.010034206790618238,60,Season 4
Pieck Finger,4,25,Night of the End,2022-03-06,8.7,1,-0.33563475829483863,-0.4483024216590574,-1.1289768617876867,7,Season 4
Pieck Finger,4,26,Traitor,2022-03-13,9.3,3,-0.33563475829483863,-0.4483024216590574,-0.2075242737138258,8,Season 4
Pieck Finger,4,27,Retrospective,2022-03-20,9.5,1,-0.33563475829483863,-0.4483024216590574,1.0759095749353618,9,Season 4
Porco Galliard,4,2,Midnight Train,2020-12-13,8.7,6,-0.3427370767509218,-0.23559039206791155,-0.7384896659622352,67,Season 4
Porco Galliard,4,3,The Door of Hope,2020-12-20,8.8,4,-0.2816319030538149,0.2702415270346653,0.6642350152705873,5,Season 4
Porco Galliard,4,4,From One Hand to Another,2020-12-27,8.5,1,-0.33563475829483863,-0.4483024216590574,-1.1289768617876867,82,Season 4
Porco Galliard,4,5,Declaration of War,2021-01-10,9.5,1,-0.33563475829483863,-0.4483024216590574,0.2532020203231046,64,Season 4
Porco Galliard,4,6,The War Hammer Titan,2021-01-17,9.6,6,-0.33905963320519217,-0.3235571568143495,-0.28769322557020094,68,Season 4
Porco Galliard,4,7,Assault,2021-01-24,9.6,1,-0.06448012017905484,1.4644215833774201,1.5037627888770346,53,Season 4
Porco Galliard,4,11,Impostors,2021-02-21,8.6,1,-0.3630337575776669,0.5496596970986058,0.9177112127802113,70,Season 4
Porco Galliard,4,16,Heaven and Earth,2021-03-28,9.1,1,2.2926566798660986,0.1766822540955152,-0.9973587482308252,56,Season 4
Porco Galliard,4,19,Two Brothers,2022-01-23,9.6,3,-0.1962147029884529,-0.11442459952409476,-0.5256328297701987,71,Season 4
Reiner Braun,1,3,A Dim Light Amid Despair - Humanity's Comeback (1),2013-04-21,7.8,6,-0.031049017559529067,-0.02952188524578887,0.32429703440761953,12,Season 1
Reiner Braun,1,4,The Night of the Closing Ceremony - Humanity's Comeback (2),2013-04-28,8.2,2,-0.21483053057883444,-0.05521430204548844,0.677204357211086,1,Season 1
Reiner Braun,1,7,Small Blade - The Struggle for Trost (3),2013-05-19,8.6,2,-0.33563475829483863,-0.4483024216590574,0.33165963668338794,15,Season 1
Reiner Braun,1,8,I Can Hear His Heartbeat - The Struggle for Trost (4),2013-05-26,8.8,4,2.341488642410968,0.7324327474489734,0.6509448909714428,16,Season 1
Reiner Braun,1,17,Female Titan - The 57th Exterior Scouting Mission (1),2013-08-04,8.2,3,0.20600759114081704,0.2906329640376958,-0.4205949648116263,21,Season 1
Reiner Braun,1,18,Forest of Giant Trees - The 57th Exterior Scouting Mission (2),2013-08-11,8.7,6,0.5724710086515225,0.46581243652868326,-0.26597072821648804,22,Season 1
Reiner Braun,1,20,Erwin Smith - The 57th Exterior Scouting Mission (4),2013-08-25,8.7,2,-0.33563475829483863,-0.4483024216590574,-0.28976987053988534,23,Season 1
Reiner Braun,2,1,Beast Titan,2017-04-01,9.3,3,-0.33563475829483863,-0.4483024216590574,0.1101565725310191,28,Season 2
Reiner Braun,2,4,Soldier,2017-04-22,9.1,5,-0.33563475829483863,-0.4483024216590574,-0.44474382127342554,61,Season 2
Reiner Braun,2,5,Historia,2017-04-29,9.1,5,-0.03950346970987216,-0.0744464406583741,-0.3103016319605275,30,Season 2
Reiner Braun,2,6,Warrior,2017-05-06,9.7,11,0.06186602820039214,0.07353791809443457,-0.0809607931469566,31,Season 2
Reiner Braun,2,7,Close Combat,2017-05-13,9.7,1,-0.33563475829483863,-0.4483024216590574,-0.30626930717542966,4,Season 2
Reiner Braun,2,9,Opening,2017-05-27,8.8,22,-0.12981308601584488,-0.13393521970893724,0.09249464063676567,33,Season 2
Reiner Braun,2,10,Children,2017-06-03,9.1,13,-0.20893908077726053,-0.21845176610747924,0.193018841149151,62,Season 2
Reiner Braun,2,11,Charge,2017-06-10,9.3,1,-0.25509860648416915,-0.18624367525001137,0.38482013387996605,34,Season 2
Reiner Braun,2,12,Scream,2017-06-17,9.4,1,-0.303392073815151,0.525717584798986,0.6999337287556832,35,Season 2
Reiner Braun,3,14,Thunder Spears,2019-05-05,9.3,11,-0.20206128315908425,-0.3409150800905084,-0.2459760287188366,45,Season 3
Reiner Braun,3,15,Descent,2019-05-12,9.4,9,0.2806032726663397,0.18967351764645743,-0.024985512563231768,46,Season 3
Reiner Braun,3,17,Hero,2019-05-26,9.8,3,-0.19330481730675195,-0.13414784484107012,0.11901665539711548,48,Season 3
Reiner Braun,4,2,Midnight Train,2020-12-13,8.7,17,0.026363714126629068,0.08845397850002384,0.11949184016975757,67,Season 4
Reiner Braun,4,3,The Door of Hope,2020-12-20,8.8,14,-0.047271236589530786,0.5084234015864987,0.5635635370258464,5,Season 4
Reiner Braun,4,4,From One Hand to Another,2020-12-27,8.5,5,-0.33563475829483863,-0.4483024216590574,-0.2946101086884709,82,Season 4
Reiner Braun,4,5,Declaration of War,2021-01-10,9.5,9,-0.26088248385696794,-0.1591945305173308,-0.35323794258692487,64,Season 4
Reiner Braun,4,11,Impostors,2021-02-21,8.6,2,-0.33563475829483863,-0.4483024216590574,0.6512656733300887,70,Season 4
Reiner Braun,4,17,Judgement,2022-01-09,9.5,1,0.0378602141840431,2.2108277795221447,1.2594050562542174,57,Season 4
Reiner Braun,4,18,Sneak Attack,2022-01-16,9.5,3,-0.32488719680160943,-0.12362908617304294,-0.48176012525124484,58,Season 4
Reiner Braun,4,19,Two Brothers,2022-01-23,9.6,2,-0.2953666823895039,-0.3172730484545344,-1.0239389968291144,71,Season 4
Reiner Braun,4,22,Thaw,2022-02-13,9.1,2,-0.34324221402167404,-0.3091473922644514,0.05577484998781246,59,Season 4
Reiner Braun,4,25,Night of the End,2022-03-06,8.7,5,-0.2661272499145069,0.006046682697671235,-0.6735917761055802,7,Season 4
Reiner Braun,4,26,Traitor,2022-03-13,9.3,4,-0.2269234621920239,-0.13486553527727202,0.31397067112016297,8,Season 4
Reiner Braun,4,27,Retrospective,2022-03-20,9.5,1,-0.35084966974850945,-0.16999236286984545,0.46327775024024936,9,Season 4
Rod Reiss,3,1,Smoke Signal,2018-07-22,8.6,2,0.39807940133961267,0.0471675600987172,-0.23725093806059916,36,Season 3
Rod Reiss,3,3,Old Story,2018-08-05,8.7,1,-0.33563475829483863,-0.4483024216590574,-0.22781169081514627,77,Season 3
Rod Reiss,3,6,Sin,2018-08-26,9,13,-0.21656056821179465,-0.35191790551101165,-0.6652378053205851,38,Season 3
Rod Reiss,3,7,Wish,2018-09-02,9.2,21,-0.10987228037242781,-0.042006211339459226,-0.49943716003548083,39,Season 3
Rod Reiss,3,8,Outside the Walls of Orvud District,2018-09-09,9.2,1,-0.33563475829483863,-0.4483024216590574,-0.7872830183136804,40,Season 3
Rod Reiss,3,10,Friends,2018-09-23,9.1,1,-0.3493342579362528,0.050678637719774204,0.8126733478216389,84,Season 3
Samuel Linke-Jackson,4,26,Traitor,2022-03-13,9.3,3,0.6759051301446475,1.3195387453605074,1.1893798129485025,8,Season 4
Sasha Blouse,1,3,A Dim Light Amid Despair - Humanity's Comeback (1),2013-04-21,7.8,2,0.2772751736236085,-0.3459205595148518,-1.1289768617876867,12,Season 1
Sasha Blouse,1,4,The Night of the Closing Ceremony - Humanity's Comeback (2),2013-04-28,8.2,3,1.107262466954996,0.5525194978626042,0.5181500791828993,1,Season 1
Sasha Blouse,1,7,Small Blade - The Struggle for Trost (3),2013-05-19,8.6,1,-0.33563475829483863,-0.4483024216590574,-1.1289768617876867,15,Season 1
Sasha Blouse,1,8,I Can Hear His Heartbeat - The Struggle for Trost (4),2013-05-26,8.8,1,0.08083862033268131,0.9042053951241396,0.5683156151988217,16,Season 1
Sasha Blouse,1,20,Erwin Smith - The 57th Exterior Scouting Mission (4),2013-08-25,8.7,1,1.2624251449306299,1.18277246500663,1.2859853048525067,23,Season 1
Sasha Blouse,1,23,Smile - Assault on Stohess (1),2013-09-15,8.4,1,-0.33563475829483863,-0.4483024216590574,-1.0239389968291144,3,Season 1
Sasha Blouse,2,1,Beast Titan,2017-04-01,9.3,2,-0.33563475829483863,-0.4483024216590574,-0.18794131791771262,28,Season 2
Sasha Blouse,2,2,I'm Home,2017-04-08,9,10,0.632839973934794,0.10268663479143782,-0.022372707947618118,29,Season 2
Sasha Blouse,2,5,Historia,2017-04-29,9.1,1,2.1160049693789498,-0.038774973082234813,0.09500365816795414,30,Season 2
Sasha Blouse,2,6,Warrior,2017-05-06,9.7,2,-0.33563475829483863,-0.4483024216590574,-0.7176230844815582,31,Season 2
Sasha Blouse,2,11,Charge,2017-06-10,9.3,1,-0.3424845081155457,-0.1988118919696416,-1.1289768617876867,34,Season 2
Sasha Blouse,3,1,Smoke Signal,2018-07-22,8.6,1,-0.33563475829483863,-0.4483024216590574,-0.5695055342891525,36,Season 3
Sasha Blouse,3,3,Old Story,2018-08-05,8.7,1,-0.33563475829483863,-0.4483024216590574,0.2532020203231046,77,Season 3
Sasha Blouse,3,8,Outside the Walls of Orvud District,2018-09-09,9.2,1,-0.33563475829483863,-0.4483024216590574,0.4366975016419603,40,Season 3
Sasha Blouse,3,12,Night of the Battle to Retake the Wall,2018-10-14,9.1,1,3.5990126955136628,0.6435047247929726,1.2859853048525067,43,Season 3
Sasha Blouse,3,14,Thunder Spears,2019-05-05,9.3,1,-0.33563475829483863,-0.4483024216590574,0.46327775024024936,45,Season 3
Sasha Blouse,4,8,Assassin's Bullet,2021-01-31,9.2,3,1.0668368160292043,-0.028081470192896085,-0.2079519835253538,69,Season 4
Sasha Blouse,4,9,Brave Volunteers,2021-02-07,9.2,1,-0.18410870629011905,0.4778333601997465,0.5494371207079161,54,Season 4
Sasha Blouse,4,28,The Dawn of Humanity,2022-04-03,9.6,1,-0.33563475829483863,-0.4483024216590574,-0.010034206790618255,83,Season 4
Theo Magath,4,1,Other Side of the Sea,2020-12-06,9,15,0.23003828215637362,0.22138856205801166,0.22004715570576405,66,Season 4
Theo Magath,4,2,Midnight Train,2020-12-13,8.7,13,-0.07679823003272701,-0.10538902518821375,0.04854024888482818,67,Season 4
Theo Magath,4,3,The Door of Hope,2020-12-20,8.8,8,-0.33563475829483863,-0.4483024216590574,-0.737397879750952,5,Season 4
Theo Magath,4,4,From One Hand to Another,2020-12-27,8.5,9,0.7545849646175448,-0.030232206787154044,-0.04294921794448618,82,Season 4
Theo Magath,4,5,Declaration of War,2021-01-10,9.5,1,-0.33563475829483863,-0.4483024216590574,-1.1289768617876867,64,Season 4
Theo Magath,4,6,The War Hammer Titan,2021-01-17,9.6,16,-0.02774372292661198,-0.11437526738478981,0.4034152093374208,68,Season 4
Theo Magath,4,7,Assault,2021-01-24,9.6,1,-0.11727205412086371,1.2388731659876242,1.0493293263370727,53,Season 4
Theo Magath,4,11,Impostors,2021-02-21,8.6,3,0.09922165115713684,-0.17573681463380203,1.2008071471837267,70,Season 4
Theo Magath,4,15,Sole Salvation,2021-03-21,9.5,4,-0.2820823942575436,-0.0022678321628570863,0.8648714979422791,75,Season 4
Theo Magath,4,16,Heaven and Earth,2021-03-28,9.1,1,-0.33563475829483863,-0.4483024216590574,-0.9973587482308252,56,Season 4
Theo Magath,4,17,Judgement,2022-01-09,9.5,8,-0.2668780629156796,-0.1566283861287882,0.14924046555382658,57,Season 4
Theo Magath,4,18,Sneak Attack,2022-01-16,9.5,5,-0.27424881913703725,-0.18299341277397824,-0.1579325712988684,58,Season 4
Theo Magath,4,23,Sunset,2022-02-20,9,1,-0.33563475829483863,-0.4483024216590574,-0.010034206790618238,6,Season 4
Theo Magath,4,25,Night of the End,2022-03-06,8.7,13,0.5269967655270257,0.531672195912779,0.7227788735202922,7,Season 4
Theo Magath,4,26,Traitor,2022-03-13,9.3,13,-0.012541890972232093,-0.10316082781429979,0.3539532117381581,8,Season 4
Theo Magath,4,27,Retrospective,2022-03-20,9.5,9,-0.05904253400156431,-0.09824748970881864,0.29016968253777564,9,Season 4
Theo Magath,4,28,The Dawn of Humanity,2022-04-03,9.6,2,-0.25509860648416915,-0.18624367525001143,0.6081859880962552,83,Season 4
Thomas Wagner,1,4,The Night of the Closing Ceremony - Humanity's Comeback (2),2013-04-28,8.2,1,-0.23005089041122087,0.0027944131205346525,1.2859853048525067,1,Season 1
Thomas Wagner,1,5,First Battle - The Struggle for Trost (1),2013-05-05,8.4,1,-0.33563475829483863,-0.4483024216590574,0.20004152312652654,13,Season 1
Tom Ksaver,4,15,Sole Salvation,2021-03-21,9.5,23,0.2857729020383818,0.07476560225509274,-0.09057304298161876,75,Season 4
Udo,4,1,Other Side of the Sea,2020-12-06,9,4,-0.2693311075950007,0.14183785977916918,0.639580205199144,66,Season 4
Uri Reiss,3,10,Friends,2018-09-23,9.1,8,0.048042487059580946,0.28411223830576476,-0.3788838172827556,84,Season 3
Willy Tybur,4,4,From One Hand to Another,2020-12-27,8.5,22,0.07100795717628866,0.17303641621013377,0.13273238222214273,82,Season 4
Willy Tybur,4,5,Declaration of War,2021-01-10,9.5,42,-0.19154440710896692,0.09598907296676867,0.37856166078267206,64,Season 4
Willy Tybur,4,6,The War Hammer Titan,2021-01-17,9.6,15,-0.15697415298992579,-0.17029782285051714,0.7416817857954043,68,Season 4
Yelena,4,8,Assassin's Bullet,2021-01-31,9.2,1,-0.33563475829483863,-0.4483024216590574,-1.1289768617876867,69,Season 4
Yelena,4,9,Brave Volunteers,2021-02-07,9.2,16,0.3516734052904925,0.12383642509325266,0.38428216487906147,54,Season 4
Yelena,4,11,Impostors,2021-02-21,8.6,1,-0.33563475829483863,-0.4483024216590574,-1.1289768617876867,70,Season 4
Yelena,4,16,Heaven and Earth,2021-03-28,9.1,25,-0.030930257980538688,0.024800474787883237,0.17041040594749796,56,Season 4
Yelena,4,17,Judgement,2022-01-09,9.5,2,-0.35618400775695985,0.30016916740919003,1.036039202037928,57,Season 4
Yelena,4,18,Sneak Attack,2022-01-16,9.5,1,-0.02870506250583174,0.8782426227663386,1.4960610347696515,58,Season 4
Yelena,4,22,Thaw,2022-02-13,9.1,1,-0.3493342579362528,0.050678637719774204,1.1809474398939341,59,Season 4
Yelena,4,24,Pride,2022-02-27,8.6,1,1.6143171707828605,2.374813750135687,0.09500365816795414,60,Season 4
Yelena,4,25,Night of the End,2022-03-06,8.7,11,-0.3090220725370203,-0.06033244354096927,-0.18198269322783708,7,Season 4
Yelena,4,26,Traitor,2022-03-13,9.3,1,-0.33563475829483863,-0.4483024216590574,-1.1289768617876867,8,Season 4
Yelena,4,28,The Dawn of Humanity,2022-04-03,9.6,2,1.4361458089643033,1.1722899310167947,0.838612031702636,83,Season 4
Ymir,1,3,A Dim Light Amid Despair - Humanity's Comeback (1),2013-04-21,7.8,2,0.43793917995918913,0.34962120984813316,-0.28976987053988534,12,Season 1
Ymir,1,6,The World the Girl Saw - The Struggle for Trost (2),2013-05-12,8,2,0.91658107251296,-0.1307644886757481,-0.6518140277031275,14,Season 1
Ymir,1,9,Whereabouts of His Left Arm - The Struggle for Trost (5),2013-06-02,8.5,1,-0.33563475829483863,-0.4483024216590574,0.09500365816795414,73,Season 1
Ymir,2,2,I'm Home,2017-04-08,9,6,-0.33791800823507434,-0.3651389117625855,-0.2722635597134566,29,Season 2
Ymir,2,4,Soldier,2017-04-22,9.1,16,-0.33203253209867184,-0.31095676274621353,-0.5256138979492201,61,Season 2
Ymir,2,5,Historia,2017-04-29,9.1,21,0.18808542903664724,0.06053401679453934,-0.5367366865434984,30,Season 2
Ymir,2,6,Warrior,2017-05-06,9.7,1,-0.33563475829483863,-0.4483024216590574,-1.1289768617876867,31,Season 2
Ymir,2,9,Opening,2017-05-27,8.8,16,-0.15982996021878482,-0.3119091772227053,-0.6057561799736223,33,Season 2
Ymir,2,10,Children,2017-06-03,9.1,27,0.07431412292389741,-0.06614254985521097,-0.5567830038895943,62,Season 2
Ymir,2,11,Charge,2017-06-10,9.3,11,-0.06640729569775083,0.05446103265359276,-0.37759414227569804,34,Season 2
Ymir,2,12,Scream,2017-06-17,9.4,5,0.21876475123012717,-0.08657506474079427,-0.04981400469734268,35,Season 2
Ymir,3,7,Wish,2018-09-02,9.2,1,-0.33563475829483863,-0.4483024216590574,-1.1289768617876867,39,Season 3
Ymir,3,21,The Attack Titan,2019-06-23,9.6,3,-0.27675085479912237,-0.37648334593314076,-1.1289768617876867,51,Season 3
Zachary Daz,1,14,Can't Look Into His Eyes - Eve of the Counterattack (1),2013-07-14,8.2,10,-0.29742160733571604,-0.2424258895477097,-0.10310311258736725,20,Season 1
Zachary Daz,3,5,Reply,2018-08-19,8.9,10,0.25288888168491364,0.25287580950663674,-0.1313145847478301,79,Season 3
Zachary Daz,3,6,Sin,2018-08-26,9,5,0.25605779888619107,0.262950541052316,-0.16548396909523067,38,Season 3
Zachary Daz,3,22,Beyond the Wall,2019-06-30,9.4,1,-0.33563475829483863,-0.4483024216590574,1.9239142487113243,52,Season 3
Zeke Yeager,2,1,Beast Titan,2017-04-01,9.3,2,-0.2953666823895039,-0.3172730484545344,-0.293620747593577,28,Season 2
Zeke Yeager,3,14,Thunder Spears,2019-05-05,9.3,2,-0.33563475829483863,-0.4483024216590574,0.8519021560017805,45,Season 3
Zeke Yeager,3,15,Descent,2019-05-12,9.4,4,-0.1728267372351333,0.14874122476588028,-0.10755826303058358,46,Season 3
Zeke Yeager,3,16,Perfect Game,2019-05-19,9.6,1,-0.33563475829483863,-0.4483024216590574,-0.22781169081514627,47,Season 3
Zeke Yeager,3,17,Hero,2019-05-26,9.8,6,2.0600722353412237,0.6088977423522315,0.8406886766723204,48,Season 3
Zeke Yeager,3,18,Midnight Sun,2019-06-02,9.6,2,-0.33563475829483863,-0.4483024216590574,-0.15815175698302394,63,Season 3
Zeke Yeager,4,2,Midnight Train,2020-12-13,8.7,20,-0.2498108667353402,-0.10282687317323534,0.15382785258679807,67,Season 4
Zeke Yeager,4,7,Assault,2021-01-24,9.6,2,0.3036711405945129,-0.23314635081995375,0.05192397293412088,53,Season 4
Zeke Yeager,4,8,Assassin's Bullet,2021-01-31,9.2,2,0.3656010288671829,-0.23819194592597676,-1.1289768617876867,69,Season 4
Zeke Yeager,4,9,Brave Volunteers,2021-02-07,9.2,3,-0.33563475829483863,-0.4483024216590574,-0.8986137147692215,54,Season 4
Zeke Yeager,4,13,Children of the Forest,2021-03-07,9.1,3,-0.25509860648416915,-0.18624367525001145,0.22662177172481557,74,Season 4
Zeke Yeager,4,14,Violence,2021-03-21,9,9,-0.3322206168873463,-0.3645969765625659,-0.3992082576048681,55,Season 4
Zeke Yeager,4,15,Sole Salvation,2021-03-21,9.5,12,-0.11369432268394651,-0.15509580715229115,0.32965847087262784,75,Season 4
Zeke Yeager,4,17,Judgement,2022-01-09,9.5,2,-0.33563475829483863,-0.4483024216590574,-1.1289768617876867,57,Season 4
Zeke Yeager,4,18,Sneak Attack,2022-01-16,9.5,1,-0.33563475829483863,-0.4483024216590574,-1.1289768617876867,58,Season 4
Zeke Yeager,4,19,Two Brothers,2022-01-23,9.6,14,-0.16499769125037614,0.05318092903537616,-0.11313552914363571,71,Season 4
Zeke Yeager,4,20,Memories of the Future,2022-01-30,9.7,12,-0.0046903869611389,-0.04961418433462222,-0.028320706206168594,65,Season 4
Zeke Yeager,4,21,"From You, 2,000 Years Ago",2022-02-06,9.7,7,-0.3323483612404688,-0.0016438350602030155,-0.17931140701051046,72,Season 4
Zeke Yeager,4,28,The Dawn of Humanity,2022-04-03,9.6,5,-0.058256324803192,-0.30252617823775674,-0.3523167779439565,83,Season 4
Zeke's grandmother,4,15,Sole Salvation,2021-03-21,9.5,1,-0.33563475829483863,-0.4483024216590574,-1.1289768617876867,75,Season 4
